CASE_ID,ACCIDENT_YEAR,PROC_DATE,JURIS,COLLISION_DATE,COLLISION_TIME,OFFICER_ID,REPORTING_DISTRICT,DAY_OF_WEEK,CHP_SHIFT,POPULATION,CNTY_CITY_LOC,SPECIAL_COND,BEAT_TYPE,CHP_BEAT_TYPE,CITY_DIVISION_LAPD,CHP_BEAT_CLASS,BEAT_NUMBER,PRIMARY_RD,SECONDARY_RD,DISTANCE,DIRECTION,INTERSECTION,WEATHER_1,WEATHER_2,STATE_HWY_IND,CALTRANS_COUNTY,CALTRANS_DISTRICT,STATE_ROUTE,ROUTE_SUFFIX,POSTMILE_PREFIX,POSTMILE,LOCATION_TYPE,RAMP_INTERSECTION,SIDE_OF_HWY,TOW_AWAY,COLLISION_SEVERITY,NUMBER_KILLED,NUMBER_INJURED,PARTY_COUNT,PRIMARY_COLL_FACTOR,PCF_CODE_OF_VIOL,PCF_VIOL_CATEGORY,PCF_VIOLATION,PCF_VIOL_SUBSECTION,HIT_AND_RUN,TYPE_OF_COLLISION,MVIW,PED_ACTION,ROAD_SURFACE,ROAD_COND_1,ROAD_COND_2,LIGHTING,CONTROL_DEVICE,CHP_ROAD_TYPE,PEDESTRIAN_ACCIDENT,BICYCLE_ACCIDENT,MOTORCYCLE_ACCIDENT,TRUCK_ACCIDENT,NOT_PRIVATE_PROPERTY,ALCOHOL_INVOLVED,STWD_VEHTYPE_AT_FAULT,CHP_VEHTYPE_AT_FAULT,COUNT_SEVERE_INJ,COUNT_VISIBLE_INJ,COUNT_COMPLAINT_PAIN,COUNT_PED_KILLED,COUNT_PED_INJURED,COUNT_BICYCLIST_KILLED,COUNT_BICYCLIST_INJURED,COUNT_MC_KILLED,COUNT_MC_INJURED,PRIMARY_RAMP,SECONDARY_RAMP,LATITUDE,LONGITUDE,COUNTY,CITY,POINT_X,POINT_Y
91391210,2021,2021-01-20,9230,2021-01-08,1350,017889,,5,1,9,2900,0,1,3,,1,031,"BREWER RD","NANCY WAY",20.00,N,N,B,C,N,,,,,,,,,,Y,4,0,1,1,A,-,08,22107,,N,E,I,A,B,H,-,A,D,0,,,,,Y,,D,22,0,0,1,0,0,0,0,0,0,"- ","- ",39.131179809570312,-121.04483795166016,NEVADA,UNINCORPORATED,-121.04572296142578,39.133892059326172
91395878,2021,2021-01-28,9230,2021-01-27,2238,019940,,3,3,9,2900,0,3,5,,2,040,"EAST BENNETT RD.","UNION JACK ST.",374.00,E,N,B,C,N,,,,,,,,,,Y,3,0,1,1,A,-,01,23152,A,N,E,I,A,B,H,-,D,D,0,,,,,Y,Y,D,22,0,1,0,0,0,0,0,0,0,"- ","- ",39.216899871826172,-121.05066680908203,NEVADA,UNINCORPORATED,-121.05072784423828,39.216850280761719
91474716,2021,2021-05-27,9230,2021-05-10,1200,018691,,1,1,9,2900,0,2,4,,2,072,"RIDGE ROAD","RIDGEVIEW DRIVE",250.00,W,N,A,-,N,,,,,,,,,,N,4,0,1,2,A,-,09,21804,A,N,D,C,A,A,H,-,A,D,0,,,,,Y,,D,22,0,0,1,0,0,0,0,0,0,"- ","- ",39.22943115234375,-121.07871246337891,NEVADA,UNINCORPORATED,-121.07875823974609,39.229408264160156
91485037,2021,2021-05-28,9230,2021-05-27,0715,018459,,4,1,9,2900,0,1,3,,1,051,SR-20,"RIDGEWOOD ROAD",2000.00,E,N,A,-,Y,,,20,,,,,,,Y,4,0,1,1,A,-,08,22107,,N,F,A,A,A,H,-,A,D,0,,,,,Y,,A,07,0,0,1,0,0,0,0,0,0,"- ","- ",39.322639465332031,-120.85697174072266,NEVADA,UNINCORPORATED,-120.85697174072266,39.322650909423828
9274379,2021,2021-07-12,2901,2021-05-15,1149,JOH10,23,6,5,2,2901,0,0,0,,0,,"BRUNSWICK RD","RT 49",0.00,,Y,A,-,Y,NEV,3,20,-,R,14.662,R,4,W,Y,2,0,1,4,A,-,03,22350,,N,C,C,A,A,H,-,A,A,0,,,,,Y,,A,01,1,0,0,0,0,0,0,0,0,"- ","- ",,,NEVADA,"GRASS VALLEY",-121.03844451904297,39.233757019042969
91546873,2021,2021-08-17,9230,2021-07-21,1054,018098,,3,1,9,2900,0,1,3,,1,031,"SR-49 N/B","COMBIE ROAD",15.00,S,N,A,-,Y,,,49,,,,,,N,Y,2,0,1,3,A,-,11,21954,A,N,G,C,B,A,H,-,A,A,0,Y,,,,Y,,N,60,1,0,0,0,0,0,0,0,0,"- ","- ",39.042518615722656,-121.09464263916016,NEVADA,UNINCORPORATED,-121.09465026855469,39.042522430419922
91569704,2021,2021-09-14,9230,2021-09-03,1929,017539,,5,2,9,2900,0,1,3,,1,071,"SR-20 E/B","PENN VALLEY DRIVE",885.00,W,N,A,-,Y,,,20,,,,,,E,Y,2,0,1,2,A,-,03,22350,,N,C,C,A,A,H,-,D,A,0,,,,Y,Y,,A,01,1,0,0,0,0,0,0,0,0,"- ","- ",39.201469421386719,-121.22557830810547,NEVADA,UNINCORPORATED,-121.22557067871094,39.201492309570312
91574315,2021,2021-09-20,9230,2021-09-15,1740,018014,,3,2,9,2900,0,3,5,,2,030,"DOG BAR RD","LORIE DR",1000.00,S,N,A,-,N,,,,,,,,,,Y,3,0,1,1,A,-,08,22107,,N,E,I,A,A,H,-,A,D,0,,,,,Y,,A,01,0,1,0,0,0,0,0,0,0,"- ","- ",39.145301818847656,-121.02915191650391,NEVADA,UNINCORPORATED,-121.02932739257812,39.145000457763672
91597837,2021,2021-10-15,9222,2021-10-13,2220,017091,,3,3,3,2908,0,1,1,,2,022,"INTERSTATE 80 EASTBOUND TO DONNER PASS ROAD","DONNER PASS ROAD OVERCROSSING",380.00,W,N,A,-,Y,,,80,,,,R,,E,Y,4,0,2,1,A,-,03,22350,,N,E,I,A,A,H,-,D,A,0,,,,,Y,Y,A,01,0,0,2,0,0,0,0,0,0,"- ","- ",39.324001312255859,-120.22740173339844,NEVADA,TRUCKEE,-120.22740173339844,39.324001312255859
91658533,2021,2021-12-22,9230,2021-12-17,1744,020059,,5,2,2,2901,0,1,3,,1,031,"STATE ROUTE 49","MCKNIGHT WAY",1400.00,S,N,B,-,Y,,,,,,,,,,N,2,0,1,2,A,-,01,23152,A,N,C,C,A,A,H,-,C,D,0,,,,,Y,Y,A,01,1,0,0,0,0,0,0,0,0,"- ","- ",39.197101593017578,-121.05029296875,NEVADA,"GRASS VALLEY",-121.05632781982422,39.197437286376953
91405045,2021,2021-02-09,9222,2021-02-07,2103,018315,,7,2,3,2908,0,1,1,,2,023,"I-80 (W/B)","HIRSCHDALE RD.",7920.00,W,N,A,-,Y,,,80,,,,,,,Y,4,0,2,1,A,-,07,21658,A,N,F,A,A,B,H,-,D,D,0,,,,,Y,,A,01,0,0,2,0,0,0,0,0,0,"- ","- ",39.370990753173828,-120.11387634277344,NEVADA,TRUCKEE,-120.11387634277344,39.370986938476562
91411513,2021,2021-02-19,9222,2021-02-10,2125,017515,,3,2,9,2900,0,1,1,,2,022,"INTERSTATE 80 EASTBOUND","DONNER LAKE UNDER-CROSSING",7920.00,W,N,A,-,Y,,,80,,,,,,E,Y,4,0,1,1,A,-,01,23152,A,N,E,J,A,B,H,-,D,D,0,,,,,Y,Y,A,01,0,0,1,0,0,0,0,0,0,"- ","- ",39.335899353027344,-120.30670166015625,NEVADA,UNINCORPORATED,-120.30668640136719,39.335906982421875
91396137,2021,2021-01-28,9230,2021-01-06,1450,016426,,3,2,9,2900,0,3,5,,2,060,"TYLER FOOTE ROAD","OAK TREE ROAD",2300.00,W,N,A,B,N,,,,,,,,,,Y,1,1,0,1,A,-,08,22107,,N,E,I,A,A,H,-,A,D,0,,,,,Y,,A,07,0,0,0,0,0,0,0,0,0,"- ","- ",39.349800109863281,-121.06826782226562,NEVADA,UNINCORPORATED,-121.06800079345703,39.349807739257812
91495923,2021,2021-06-14,9230,2021-06-06,2130,018771,,7,2,9,2900,0,3,5,,2,070,"PLEASANT VALLEY ROAD","KNEEBONE COURT",380.00,N,N,A,-,N,,,,,,,,,,Y,2,0,1,1,A,-,01,23152,A,N,E,I,A,A,H,-,D,D,0,,,,,Y,Y,A,07,1,0,0,0,0,0,0,0,0,"- ","- ",39.258380889892578,-121.19853210449219,NEVADA,UNINCORPORATED,-121.19829559326172,39.258144378662109
91604025,2021,2021-10-22,9230,2021-10-16,1320,018459,,6,1,9,2900,0,1,3,,1,041,SR-174,"ORCHARD SPRINGS RD",610.00,N,N,A,-,Y,,,174,,,,,,,N,2,0,1,1,A,-,08,22107,,N,F,A,A,A,H,-,A,D,0,,,Y,,Y,,C,02,1,0,0,0,0,0,0,0,1,"- ","- ",39.153118133544922,-120.96666717529297,NEVADA,UNINCORPORATED,-120.9666748046875,39.153121948242188
9348411,2021,2021-11-02,2908,2021-07-14,1038,6554,TRUCK,3,5,3,2908,0,0,0,,0,001,"DONNER PASS RD","MEADOW WY",10.00,E,N,A,-,N,,,,,,,,,,N,3,0,1,2,A,-,08,22107,,N,D,G,A,A,H,-,A,D,0,,Y,,,Y,,A,07,0,1,0,0,0,0,1,0,0,"- ","- ",,,NEVADA,TRUCKEE,-120.21053314208984,39.326118469238281
91530923,2021,2021-07-28,9222,2021-07-20,1027,017091,,2,1,3,2908,0,1,1,,2,023,"INTERSTATE 80 EASTBOUND","HIRSCHDALE ROAD",10032.00,W,N,A,-,Y,,,80,,,,,,E,Y,3,0,1,1,C,-,18,,,N,E,I,A,A,H,-,A,D,0,,,,,Y,,-,"- ",0,1,0,0,0,0,0,0,0,"- ","- ",39.370998382568359,-120.11350250244141,NEVADA,TRUCKEE,-120.11362457275391,39.371082305908203
9280395,2021,2021-06-28,2908,2021-06-04,1330,6554,13,5,5,3,2908,0,0,0,,0,GLENSH,"DORCHESTER WY","ROLANDS WY",0.00,,Y,A,-,N,,,,,,,,,,N,4,0,1,2,A,-,03,22350,,M,D,G,A,A,H,-,A,D,0,,Y,,,Y,,A,01,0,0,1,0,0,0,1,0,0,"- ","- ",,,NEVADA,TRUCKEE,-120.09841918945312,39.359989166259766
91452823,2021,2021-04-19,9230,2021-04-10,1200,018691,,6,1,9,2900,0,1,3,,1,071,SR-20,"ROUGH AND READY HWY",2640.00,E,N,A,-,Y,,,20,,,,,,,Y,3,0,1,3,A,-,16,24002,A,N,E,J,A,A,H,-,A,D,0,,,,,Y,,D,22,0,1,0,0,0,0,0,0,0,"- ","- ",39.203289031982422,-121.16954803466797,NEVADA,UNINCORPORATED,-121.16954803466797,39.203300476074219
91633143,2021,2021-11-23,9222,2021-11-12,1006,015908,,5,1,9,2900,0,1,1,,2,028,"I-80 E/B","DONNER LAKE RD.",10560.00,W,N,A,-,Y,,,80,,,,,,E,Y,3,0,1,2,A,-,01,23152,A,M,C,C,A,A,H,-,A,D,0,,,,,Y,Y,A,01,0,1,0,0,0,0,0,0,0,"- ","- ",39.339809417724609,-120.31040954589844,NEVADA,UNINCORPORATED,-120.31041717529297,39.339797973632812
91628527,2021,2021-11-18,9230,2021-11-09,1905,017539,,2,2,9,2900,0,3,5,,2,070,"SPENCEVILLE ROAD","DEVONSHIRE CIRCLE",30.00,S,N,B,C,N,,,,,,,,,,N,3,0,1,1,A,-,01,23152,A,N,H,A,A,B,H,-,D,A,0,,,,,Y,Y,A,08,0,1,0,0,0,0,0,0,0,"- ","- ",39.189579010009766,-121.18350982666016,NEVADA,UNINCORPORATED,-121.18354797363281,39.189582824707031
91646188,2021,2021-12-08,9230,2021-11-28,1705,018691,,7,2,9,2900,0,1,3,,1,041,SR-174,"BEHR MTN RD",57.00,N,N,A,-,Y,,,174,,,,,,,Y,2,0,1,1,A,-,01,23152,A,N,E,8,A,A,H,-,C,D,0,,,,,Y,Y,A,01,1,0,0,0,0,0,0,0,0,"- ","- ",39.187118530273438,-120.97239685058594,NEVADA,UNINCORPORATED,-120.97240447998047,39.187118530273438
91570721,2021,2021-09-15,9230,2021-09-03,1555,018771,,5,2,9,2900,0,1,3,,1,051,SR-20,"MISSOURI BAR RD",252.00,W,N,A,-,Y,,,20,,,,,,,Y,2,0,2,2,A,-,08,22107,,N,E,8,A,A,H,-,A,D,0,,,,,Y,,D,22,2,0,0,0,0,0,0,0,0,"- ","- ",39.321601867675781,-120.88430023193359,NEVADA,UNINCORPORATED,-120.88430023193359,39.321598052978516
91657514,2021,2021-12-21,9230,2021-10-26,0914,018107,,2,1,9,2900,0,2,4,,2,072,"RIDGE ROAD","RIDGE ESTATES ROAD",551.00,E,N,B,-,N,,,,,,,,,,Y,1,1,0,1,A,-,03,22350,,N,E,I,A,B,H,-,A,A,0,,,,,Y,,A,01,0,0,0,0,0,0,0,0,0,"- ","- ",39.246059417724609,-121.04268646240234,NEVADA,UNINCORPORATED,-121.04261016845703,39.246135711669922
91543885,2021,2021-08-12,9230,2021-07-24,0700,017889,,6,1,9,2900,0,3,5,,2,050,"RED DOG RD","YOU BET RD",20.00,N,N,A,-,N,,,,,,,,,,Y,3,0,1,2,A,-,09,21804,A,N,A,C,A,A,H,-,A,D,0,,,,,Y,,A,07,0,1,0,0,0,0,0,0,0,"- ","- ",39.195819854736328,-120.91522979736328,NEVADA,UNINCORPORATED,-120.91521453857422,39.195873260498047
91640663,2021,2021-12-02,9230,2021-11-20,1618,018691,,6,2,9,2900,0,3,5,,2,050,"NORTH BLOOMFIED RD","BERNARD PL",2112.00,N,N,A,-,N,,,,,,,,,,Y,2,0,1,2,A,-,05,21460,A,N,A,C,A,A,H,-,A,D,0,,,,Y,Y,,F,26,1,0,0,0,0,0,0,0,0,"- ","- ",39.281650543212891,-121.01193237304688,NEVADA,UNINCORPORATED,-121.00658416748047,39.285282135009766
91473744,2021,2021-05-27,9222,2021-05-09,1840,017550,,7,2,3,2908,0,1,1,,2,023,"I-80 W/B","DONNER PASS RD. UNDER CROSSING",50.00,W,N,A,-,Y,,,80,,,,,,W,Y,3,0,1,1,A,-,01,23152,A,N,E,I,A,A,H,-,A,D,0,,,,,Y,Y,A,01,0,1,0,0,0,0,0,0,0,"- ","- ",39.325260162353516,-120.19338226318359,NEVADA,TRUCKEE,-120.19338989257812,39.325283050537109
91563013,2021,2021-09-06,9230,2021-08-18,0750,017889,,3,1,9,2900,0,1,3,,1,041,SR-174,"BRUNSWICK RD",30.00,N,N,A,-,Y,,,174,,,,,,,Y,4,0,1,2,A,-,09,21801,A,N,F,A,A,A,H,-,A,A,0,,,,,Y,,A,07,0,0,1,0,0,0,0,0,0,"- ","- ",39.198421478271484,-121.0111083984375,NEVADA,UNINCORPORATED,-121.01119232177734,39.1983642578125
91656842,2021,2021-12-20,9230,2021-12-17,1450,020411,,5,2,9,2900,0,1,3,,1,051,SR-20,"CONSERVATION RD",0.00,,Y,A,-,Y,,,20,,,,,,,Y,3,0,1,2,A,-,09,21801,A,N,A,C,A,B,H,-,A,D,0,,,,,Y,,A,01,0,1,0,0,0,0,0,0,0,"- ","- ",39.309440612792969,-120.91014099121094,NEVADA,UNINCORPORATED,-120.91014099121094,39.309436798095703
91510095,2021,2021-06-30,9230,2021-06-09,1225,017889,,3,1,9,2900,0,1,3,,1,031,"STATE ROUTE 49 (GOLDEN CHAIN HIGHWAY)","UPWARD WAY",1212.00,N,N,A,-,Y,,,49,,,,,,,Y,2,0,1,1,A,-,08,22107,,N,E,8,A,A,H,-,A,D,0,,,,,Y,,A,07,1,0,0,0,0,0,0,0,0,"- ","- ",39.180648803710938,-121.05319213867188,NEVADA,UNINCORPORATED,-121.05305480957031,39.180625915527344
91596478,2021,2021-10-14,9222,2021-06-16,2330,017550,,3,3,3,2908,0,1,1,,2,021,"I-80 E/B","CASTLE PEAK UNDER CROSSING",813.00,W,N,A,-,Y,,,,,,,,,,Y,1,1,0,1,A,-,08,22107,,N,E,I,A,A,H,-,D,D,0,,,,,Y,,A,01,0,0,0,0,0,0,0,0,0,"- ","- ",39.337600708007812,-120.35205841064453,NEVADA,TRUCKEE,,
91385802,2021,2021-01-12,9230,2021-01-06,1040,016665,,3,1,9,2900,0,2,4,,1,043,"GREENHORN RD","BRUNSWICK RD",0.00,,Y,B,-,N,,,,,,,,,,Y,4,0,1,2,A,-,12,21457,A,N,D,C,A,A,H,-,A,A,0,,,,,Y,,A,07,0,0,1,0,0,0,0,0,0,"- ","- ",39.213150024414062,-121.01718902587891,NEVADA,UNINCORPORATED,-121.01718139648438,39.213100433349609
91472326,2021,2021-05-27,9230,2021-05-06,2235,020059,,4,3,9,2900,0,1,3,,1,061,"STATE ROUTE 49","READER RANCH ROAD",1500.00,S,N,A,-,Y,,,49,,,,,,,Y,2,0,1,1,A,-,01,23152,A,N,E,I,A,A,H,-,D,D,0,,,,,Y,Y,A,01,1,0,0,0,0,0,0,0,0,"- ","- ",39.302009582519531,-121.10897064208984,NEVADA,UNINCORPORATED,-121.10897064208984,39.302009582519531
91651590,2021,2021-12-14,9230,2021-12-10,2330,020013,,5,3,9,2900,0,1,3,,1,061,"SR-49 N/B","S. YUBA RIVER",1300.00,N,N,A,-,Y,,,49,,,,,,N,Y,2,0,2,1,A,-,01,23152,A,N,E,I,A,A,H,-,D,D,0,,,,,Y,Y,A,08,1,1,0,0,0,0,0,0,0,"- ","- ",39.297119140625,-121.09410095214844,NEVADA,UNINCORPORATED,-121.09410858154297,39.297176361083984
91458762,2021,2021-05-27,9230,2021-04-24,1921,020411,,6,2,9,2900,0,3,5,,2,040,"GREENHORN ROAD","DOGWOOD ROAD",180.00,W,N,B,-,N,,,,,,,,,,Y,2,0,1,1,A,-,01,23152,A,N,E,I,A,A,H,-,B,D,0,,,,,Y,Y,A,01,1,0,0,0,0,0,0,0,0,"- ","- ",39.212070465087891,-120.98905181884766,NEVADA,UNINCORPORATED,-120.98851013183594,39.212261199951172
91547693,2021,2021-08-18,9230,2021-08-11,2140,018459,,3,2,2,2901,0,1,3,,1,031,"SR-49 S/B (GOLDEN CENTER FREEWAY) TO MCKNIGHT WAY","MCKNIGHT WAY",40.00,N,N,A,-,Y,,,49,,,,R,,S,Y,3,0,1,2,A,-,01,23152,A,N,C,C,A,A,H,-,C,A,0,,,,,Y,Y,A,01,0,1,0,0,0,0,0,0,0,"- ","- ",39.200389862060547,-121.06011199951172,NEVADA,"GRASS VALLEY",-121.06011199951172,39.200389862060547
9350215,2021,2021-11-12,2908,2021-10-06,0725,6170,2908,3,5,3,2908,0,0,0,,0,011,"NORTHWOODS BL","CEDAR TRL",5.00,N,N,B,-,N,,,,,,,,,,N,2,0,1,1,C,-,18,,,N,H,A,A,A,A,C,A,D,0,,Y,,,Y,,-,"- ",1,0,0,0,0,0,1,0,0,"- ","- ",,,NEVADA,TRUCKEE,-120.21533203125,39.332839965820312
91383234,2021,2021-01-07,9222,2021-01-06,1735,014397,,3,2,3,2908,0,1,1,,2,023,"INTERSTATE 80 (EASTBOUND)","OVERLAND TRAIL",4224.00,W,N,A,-,Y,,,80,,,,,,,Y,4,0,1,2,A,-,08,22107,,N,B,C,A,A,H,-,C,D,0,,,,,Y,,A,07,0,0,1,0,0,0,0,0,0,"- ","- ",39.346889495849609,-120.15637969970703,NEVADA,TRUCKEE,-120.15641784667969,39.346939086914062
91454882,2021,2021-04-21,9222,2021-04-11,0144,019294,,7,3,9,2900,0,1,1,,2,024,"INTERSTATE 80 W/B","FLORISTON ROAD",2112.00,E,N,A,-,Y,,,80,,,,,,W,Y,2,0,3,1,A,-,01,23152,A,N,E,I,A,A,H,-,D,D,0,,,,,Y,Y,A,01,2,1,0,0,0,0,0,0,0,"- ","- ",39.400421142578125,-120.022216796875,NEVADA,UNINCORPORATED,-120.02230834960938,39.400398254394531
91575842,2021,2021-09-21,9222,2021-09-11,0020,018624,,6,3,9,2900,0,1,1,,2,022,"WESTBOUND I-80","DONNER REST AREA",11616.00,E,N,A,-,Y,,,,,,,,,,Y,2,0,1,1,A,-,08,22107,,N,E,J,A,A,H,-,D,D,0,,,,,Y,,A,07,1,0,0,0,0,0,0,0,0,"- ","- ",39.198581695556641,-120.18170928955078,NEVADA,UNINCORPORATED,,
91577896,2021,2021-09-23,9230,2021-09-21,1350,018459,,2,1,9,2900,0,1,3,,1,061,SR-49,"JOHN BARLEYCORN RD",363.00,N,N,A,-,Y,,,49,,,,,,,N,4,0,1,2,A,-,03,22350,,F,C,C,A,A,H,-,A,D,0,,,,,Y,,D,22,0,0,1,0,0,0,0,0,0,"- ","- ",39.272258758544922,-121.06375885009766,NEVADA,UNINCORPORATED,-121.06375885009766,39.272281646728516
91585912,2021,2021-10-01,9230,2021-09-30,1105,018459,,4,1,9,2900,0,3,5,,2,050,"RIDGE ROAD","NEVADA CITY HIGHWAY",850.00,W,N,A,-,N,,,,,,,,,,Y,4,0,1,1,A,-,08,22107,,N,E,I,A,A,H,-,A,D,0,,,,,Y,,A,01,0,0,1,0,0,0,0,0,0,"- ","- ",39.246849060058594,-121.03069305419922,NEVADA,UNINCORPORATED,-121.03031921386719,39.246971130371094
91654150,2021,2021-12-16,9221,2021-12-11,0300,017777,,6,3,9,2900,0,1,1,,2,387,"WESTBOUND WEST OF EAGLE LAKES","WEST OF EAGLE LAKES U/C",2112.00,W,N,A,-,Y,,,,,,,,,,Y,3,0,1,1,A,-,08,22107,,N,E,I,A,C,H,-,D,D,0,,,,,Y,,A,07,0,1,0,0,0,0,0,0,0,"- ","- ",39.330120086669922,-120.57591247558594,NEVADA,UNINCORPORATED,,
91582400,2021,2021-09-29,9230,2021-09-27,2055,018771,,1,2,9,2900,0,1,3,,2,042,SR-20,"BANNER LAVA CAP ROAD",535.00,W,N,C,-,Y,,,20,,,,,,,Y,4,0,1,1,C,-,18,,,N,H,H,A,B,H,-,D,D,0,,,,,Y,,-,"- ",0,0,1,0,0,0,0,0,0,"- ","- ",39.242408752441406,-121.03177642822266,NEVADA,UNINCORPORATED,-121.03178405761719,39.242416381835938
91496050,2021,2021-06-14,9230,2021-05-31,1610,017889,,1,2,2,2901,0,1,3,,2,032,"SR-49 N/B","EMPIRE ST OVERCROSSING",249.00,S,N,A,-,Y,,,49,,,,,,N,Y,3,0,2,1,A,-,03,22350,,N,E,I,A,A,H,-,A,D,0,,,,,Y,,A,07,0,2,0,0,0,0,0,0,0,"- ","- ",39.208900451660156,-121.06813812255859,NEVADA,"GRASS VALLEY",-121.06812286376953,39.208900451660156
91610735,2021,2021-10-29,9222,2021-10-24,1030,016852,,7,1,9,2900,0,1,1,,2,021,"INTERSTATE 80 [ALAN S. HART FREEWAY] EASTBOUND","CASTLE PEAK / BOREAL RIDGE ROAD OFFRAMP",1056.00,W,N,C,G,Y,,,80,,,,,,E,Y,3,0,3,1,A,-,08,22107,,N,E,I,A,B,H,-,A,D,0,,,,,Y,,A,01,0,1,2,0,0,0,0,0,0,"- ","- ",39.33441162109375,-120.35636901855469,NEVADA,UNINCORPORATED,-120.35636138916016,39.334392547607422
91433162,2021,2021-03-23,9230,2021-03-21,0148,020059,,7,3,9,2900,0,1,3,,1,041,"STATE ROUTE 174","SUNRISE LN",102.00,N,N,B,-,Y,,,174,,,,,,,Y,4,0,1,2,A,-,01,23152,A,M,B,C,A,A,H,-,C,D,0,,,,,Y,Y,A,07,0,0,1,0,0,0,0,0,0,"- ","- ",39.204391479492188,-121.03820037841797,NEVADA,UNINCORPORATED,-121.03816986083984,39.20440673828125
91553766,2021,2021-08-25,9230,2021-06-04,1650,020013,,5,2,9,2900,0,3,5,,2,030,"STATE ROUTE 49 S/B","MCKNIGHT WAY",2640.00,S,N,A,-,Y,,,49,,,,,,S,Y,1,1,1,2,A,-,09,21804,A,N,D,C,A,A,H,-,A,D,0,,,,,Y,,A,01,0,1,0,0,0,0,0,0,0,"- ","- ",39.193809509277344,-121.05416107177734,NEVADA,UNINCORPORATED,-121.05408477783203,39.193855285644531
91645175,2021,2021-12-07,9230,2021-12-04,0735,018459,,6,1,9,2900,0,3,5,,2,030,"AUBURN ROAD","KIWI ROAD",2000.00,S,N,A,-,N,,,,,,,,,,Y,4,0,1,1,A,-,01,23152,A,N,E,I,A,A,H,-,A,D,0,,,,,Y,Y,A,01,0,0,1,0,0,0,0,0,0,"- ","- ",39.135501861572266,-121.07755279541016,NEVADA,UNINCORPORATED,-121.07766723632812,39.135513305664062
91422419,2021,2021-03-08,9230,2021-03-05,1010,018107,,5,1,9,2900,0,3,5,,2,070,"PLEASANT VALLEY ROAD","BUTTERMILK BEND ROAD",219.00,S,N,A,-,N,,,,,,,,,,Y,2,0,1,1,A,-,08,22107,,N,F,A,A,A,H,-,A,D,0,,,Y,,Y,,C,02,1,0,0,0,0,0,0,0,1,"- ","- ",39.301681518554688,-121.17851257324219,NEVADA,UNINCORPORATED,-121.17871856689453,39.301700592041016
91438031,2021,2021-03-29,9230,2021-03-25,1340,017889,,4,1,9,2900,0,1,3,,1,051,SR-20,"OMEGA RD",350.00,W,N,B,-,Y,,,20,,,,,,,Y,4,0,1,1,A,-,03,22350,,N,E,I,A,A,H,-,A,A,0,,,,,Y,,D,22,0,0,1,0,0,0,0,0,0,"- ","- ",39.319549560546875,-120.78778839111328,NEVADA,UNINCORPORATED,-120.78778839111328,39.319534301757812
91443955,2021,2021-04-06,9230,2021-04-01,1740,016426,,4,2,9,2900,0,3,5,,2,070,"PENN VALLEY DR","HORTON STREET",528.00,E,N,A,-,N,,,,,,,,,,Y,3,0,1,1,A,-,01,23152,A,N,E,I,A,A,H,-,A,D,0,,,,,Y,Y,A,01,0,1,0,0,0,0,0,0,0,"- ","- ",39.20098876953125,-121.18775177001953,NEVADA,UNINCORPORATED,-121.18850708007812,39.201007843017578