CASE_ID,ACCIDENT_YEAR,PROC_DATE,JURIS,COLLISION_DATE,COLLISION_TIME,OFFICER_ID,REPORTING_DISTRICT,DAY_OF_WEEK,CHP_SHIFT,POPULATION,CNTY_CITY_LOC,SPECIAL_COND,BEAT_TYPE,CHP_BEAT_TYPE,CITY_DIVISION_LAPD,CHP_BEAT_CLASS,BEAT_NUMBER,PRIMARY_RD,SECONDARY_RD,DISTANCE,DIRECTION,INTERSECTION,WEATHER_1,WEATHER_2,STATE_HWY_IND,CALTRANS_COUNTY,CALTRANS_DISTRICT,STATE_ROUTE,ROUTE_SUFFIX,POSTMILE_PREFIX,POSTMILE,LOCATION_TYPE,RAMP_INTERSECTION,SIDE_OF_HWY,TOW_AWAY,COLLISION_SEVERITY,NUMBER_KILLED,NUMBER_INJURED,PARTY_COUNT,PRIMARY_COLL_FACTOR,PCF_CODE_OF_VIOL,PCF_VIOL_CATEGORY,PCF_VIOLATION,PCF_VIOL_SUBSECTION,HIT_AND_RUN,TYPE_OF_COLLISION,MVIW,PED_ACTION,ROAD_SURFACE,ROAD_COND_1,ROAD_COND_2,LIGHTING,CONTROL_DEVICE,CHP_ROAD_TYPE,PEDESTRIAN_ACCIDENT,BICYCLE_ACCIDENT,MOTORCYCLE_ACCIDENT,TRUCK_ACCIDENT,NOT_PRIVATE_PROPERTY,ALCOHOL_INVOLVED,STWD_VEHTYPE_AT_FAULT,CHP_VEHTYPE_AT_FAULT,COUNT_SEVERE_INJ,COUNT_VISIBLE_INJ,COUNT_COMPLAINT_PAIN,COUNT_PED_KILLED,COUNT_PED_INJURED,COUNT_BICYCLIST_KILLED,COUNT_BICYCLIST_INJURED,COUNT_MC_KILLED,COUNT_MC_INJURED,PRIMARY_RAMP,SECONDARY_RAMP,LATITUDE,LONGITUDE,COUNTY,CITY,POINT_X,POINT_Y
91612474,2021,2021-11-01,9230,2021-10-28,1535,018014,,4,2,9,2900,0,3,5,,2,030,"DUGGANS ROAD","WOLF ROAD",0.00,,Y,A,-,N,,,,,,,,,,N,3,0,1,2,A,-,09,21802,A,N,D,C,A,A,H,-,A,A,0,,,,,Y,,A,01,0,1,0,0,0,0,0,0,0,"- ","- ",39.061309814453125,-121.11463928222656,NEVADA,UNINCORPORATED,-121.11465454101562,39.061279296875
91386320,2021,2021-01-12,9230,2021-01-09,1230,018691,,6,1,9,2900,0,3,5,,2,030,"BREWER RD","LAWRENCE WAY",0.00,,Y,A,-,N,,,,,,,,,,Y,3,0,1,2,A,-,09,21802,A,N,D,C,A,A,H,-,A,A,0,,,,,Y,,D,22,0,1,0,0,0,0,0,0,0,"- ","- ",39.132011413574219,-121.04694366455078,NEVADA,UNINCORPORATED,-121.04695892333984,39.132026672363281
91510086,2021,2021-06-30,9230,2021-06-20,1350,020107,,7,1,9,2900,0,1,3,,1,061,SR-49,"SWEETLAND ROAD",253.00,S,N,A,-,Y,,,49,,,,,,,Y,2,0,1,2,A,-,09,21801,A,N,D,C,A,A,H,-,A,D,0,,,Y,,Y,,A,01,1,0,0,0,0,0,0,0,1,"- ","- ",39.368461608886719,-121.10724639892578,NEVADA,UNINCORPORATED,-121.10727691650391,39.368484497070312
91634873,2021,2021-11-24,9230,2021-11-11,1030,018098,,4,1,9,2900,0,1,3,,1,041,SR-174,"MARK DR",108.00,N,N,A,-,Y,,,174,,,,,,,Y,2,0,4,1,A,-,08,22107,,N,E,I,A,A,H,-,A,D,0,,,,,Y,,D,22,3,1,0,0,0,0,0,0,0,"- ","- ",39.206920623779297,-121.04077911376953,NEVADA,UNINCORPORATED,-121.04078674316406,39.206893920898438
91497738,2021,2021-06-15,9230,2021-06-10,0820,018107,,4,1,2,2901,0,1,S,,2,901,SR-20,"MILL STREET",10.00,W,N,A,-,Y,,,20,,,,,,,N,4,0,1,3,A,-,03,22350,,N,C,C,A,A,H,-,A,A,0,,,,,Y,,A,01,0,0,1,0,0,0,0,0,0,"- ","- ",39.209758758544922,-121.06964874267578,NEVADA,"GRASS VALLEY",-121.06964874267578,39.209762573242188
9269365,2021,2021-05-28,2908,2021-05-10,2313,6608,13,1,5,3,2908,0,0,0,,0,,"ESTATES DR","BROCKWAY RD",272.00,N,N,A,-,N,,,,,,,,,,Y,4,0,1,1,A,-,01,23152,B,N,E,J,A,A,H,-,D,D,0,,,,,Y,Y,-,,0,0,1,0,0,0,0,0,0,"- ","- ",,,NEVADA,TRUCKEE,-120.17220306396484,39.326648712158203
9279831,2021,2021-06-30,2908,2021-06-10,0715,6554,13,4,5,3,2908,0,0,0,,0,GLENSH,"GLENSHIRE DR","DORCHESTER DR",0.00,,Y,A,-,N,,,,,,,,,,N,3,0,1,2,A,-,09,21804,A,N,D,G,A,A,H,-,A,A,0,,Y,,Y,Y,Y,F,25,0,1,0,0,0,0,1,0,0,"- ","- ",,,NEVADA,TRUCKEE,-120.1087646484375,39.35455322265625
9350670,2021,2021-11-19,2908,2021-10-09,2236,6595,,6,5,3,2908,0,0,0,,0,013,"ESTATES DR","RIVER VIEW DR",272.00,,N,A,-,N,,,,,,,,,,N,4,0,1,1,A,-,01,23152,A,N,H,A,A,A,A,-,C,D,0,,,,,Y,Y,-,"- ",0,0,1,0,0,0,0,0,0,"- ","- ",,,NEVADA,TRUCKEE,-120.17010498046875,39.32659912109375
91385073,2021,2021-01-11,9222,2021-01-08,1155,018123,,5,1,3,2908,0,1,1,,2,022,"I-80 WESTBOUND","DONNER PASS RD. (DONNER GATE)",2112.00,E,N,C,-,Y,,,80,,,,,,W,Y,3,0,5,2,A,-,03,22350,,N,E,I,A,B,H,-,A,D,0,,,,,Y,,A,01,0,2,3,0,0,0,0,0,0,"- ","- ",39.323268890380859,-120.21575927734375,NEVADA,TRUCKEE,-120.21575164794922,39.323322296142578
91389434,2021,2021-01-18,9230,2021-01-09,1205,017889,,6,1,9,2900,0,3,5,,2,040,"LOWER COLFAX RD","LAWS RANCH CROSS RD",1056.00,S,N,A,-,N,,,,,,,,,,Y,2,0,1,2,A,-,05,21650,,F,A,C,A,A,H,-,A,D,0,,,Y,,Y,,A,01,1,0,0,0,0,0,0,0,1,"- ","- ",39.190288543701172,-121.01170349121094,NEVADA,UNINCORPORATED,-121.01134490966797,39.189865112304688
91534590,2021,2021-08-02,9230,2021-07-22,2115,018691,,4,2,9,2900,0,1,3,,1,061,SR-49,"YUBA COUNTY LINE",7392.00,S,N,A,-,Y,,,49,,,,,,,Y,3,0,2,3,A,-,02,22400,A,N,D,C,A,A,H,-,D,D,0,,,,,Y,,M,47,0,2,0,0,0,0,0,0,0,"- ","- ",39.375621795654297,-121.09812927246094,NEVADA,UNINCORPORATED,-121.09815979003906,39.375640869140625
91502606,2021,2021-06-22,9230,2021-06-07,2050,019940,,1,2,9,2900,0,1,3,,1,031,"SR-49 NORTHBOUND","PEKOLEE DR.",377.00,S,N,A,-,Y,,,49,,,,,,N,Y,3,0,2,3,A,-,03,22350,,N,C,C,A,A,D,-,C,A,0,,,,,Y,,A,01,0,2,0,0,0,0,0,0,0,"- ","- ",39.123989105224609,-121.07804870605469,NEVADA,UNINCORPORATED,-121.07807922363281,39.123996734619141
91585880,2021,2021-10-01,9222,2021-09-29,2025,017907,,3,2,9,2900,0,1,1,,2,024,"I-80 W/B",FARAD,1056.00,E,N,A,-,Y,,,80,,,,,,W,Y,4,0,1,2,A,-,04,21703,,N,C,C,A,A,H,-,D,D,0,,,,Y,Y,,F,25,0,0,1,0,0,0,0,0,0,"- ","- ",39.431568145751953,-120.03233337402344,NEVADA,UNINCORPORATED,-120.03232574462891,39.431560516357422
91534637,2021,2021-08-02,9230,2021-07-29,1717,020107,,4,2,2,2902,0,1,3,,2,052,SR-20,SR-49,0.00,,Y,A,-,Y,,,,,,,,,,Y,3,0,3,3,A,-,12,22450,A,N,D,C,A,A,H,-,A,A,0,,,,,Y,,A,07,0,1,2,0,0,0,0,0,0,"- ","- ",39.237869262695312,-121.01509094238281,NEVADA,"NEVADA CITY",-121.01509094238281,39.267845153808594
91657653,2021,2021-12-21,9222,2021-12-12,0123,018123,,7,3,3,2908,0,1,1,,2,022,"I-80 WESTBOUND","VISTA POINT",2375.00,E,N,D,-,Y,,,80,,,,,,W,Y,4,0,1,1,A,-,03,22350,,N,E,I,A,C,H,-,D,D,0,,,,,Y,,A,01,0,0,1,0,0,0,0,0,0,"- ","- ",39.329021453857422,-120.26911926269531,NEVADA,TRUCKEE,-120.26908111572266,39.32891845703125
91605352,2021,2021-10-25,9230,2021-10-22,1045,018691,,5,1,9,2900,0,1,3,,1,061,SR-49,"CROOKED ARROW LANE",500.00,N,N,B,-,Y,,,49,,,,,,,Y,3,0,1,1,A,-,08,22107,,N,F,0,A,B,H,-,A,D,0,,,,,Y,,D,22,0,1,0,0,0,0,0,0,0,"- ","- ",39.272041320800781,-121.06819152832031,NEVADA,UNINCORPORATED,-121.06819915771484,39.272068023681641
91603903,2021,2021-10-22,9230,2021-09-23,0815,018098,,4,1,9,2900,0,1,3,,1,041,SR-174,"MEADOW DR",0.00,,Y,A,-,Y,,,174,,,,,,,N,3,0,1,2,A,-,10,21950,A,N,G,B,B,A,H,-,A,A,0,Y,,,,Y,,A,08,0,1,0,0,1,0,0,0,0,"- ","- ",39.191009521484375,-120.99994659423828,NEVADA,UNINCORPORATED,-120.99993896484375,39.191131591796875
91411055,2021,2021-02-18,9222,2021-02-13,0640,019294,,6,1,9,2900,0,1,1,,2,024,"INTERSTATE 80 WB","HIRSCHDALE ROAD",3168.00,E,N,D,-,Y,,,80,,,,,,W,Y,4,0,1,1,A,-,03,22350,,N,E,I,A,C,H,-,A,A,0,,,,,Y,,A,07,0,0,1,0,0,0,0,0,0,"- ","- ",39.380931854248047,-120.07485198974609,NEVADA,UNINCORPORATED,-120.07484436035156,39.380947113037109
91563007,2021,2021-09-06,9230,2021-08-25,1600,020411,,3,2,2,2901,0,1,3,,2,042,"SR-20 W/B","DORSEY DR",240.00,E,N,A,-,Y,,,20,,,,,,W,Y,4,0,1,2,A,-,03,22350,,N,C,C,A,A,H,-,A,D,0,,,,,Y,,D,22,0,0,1,0,0,0,0,0,0,"- ","- ",39.229988098144531,-121.04245758056641,NEVADA,"GRASS VALLEY",-121.04247283935547,39.229999542236328
91422348,2021,2021-03-08,9230,2021-02-26,1930,017889,,5,2,9,2900,0,3,5,,2,030,"PERIMETER RD","BIG SPRING DR",528.00,N,N,A,-,N,,,,,,,,,,Y,3,0,1,1,A,-,08,22107,,N,E,I,A,A,H,-,D,D,0,,,,,Y,,A,08,0,1,0,0,0,0,0,0,0,"- ","- ",39.059230804443359,-121.20719909667969,NEVADA,UNINCORPORATED,-121.20862579345703,39.058689117431641
91507453,2021,2021-06-28,9230,2021-06-20,1640,020107,,7,2,9,2900,0,1,3,,1,061,SR-49,"NISHINAM GULCH RD",2720.00,N,N,A,-,Y,,,49,,,,,,,Y,4,0,1,1,A,-,08,22107,,N,E,I,A,A,H,-,A,D,0,,,,,Y,,A,01,0,0,1,0,0,0,0,0,0,"- ","- ",39.283889770507812,-121.10037231445312,NEVADA,UNINCORPORATED,-121.10037994384766,39.283893585205078
91525769,2021,2021-07-21,9230,2021-07-19,1710,018459,,1,2,9,2900,0,1,3,,1,031,SR-49,"QUAIL CREEK DRIVE",68.00,S,N,A,-,Y,,,49,,,,,,,Y,3,0,1,1,A,-,08,22107,,N,E,I,A,A,H,-,A,D,0,,,,,Y,,A,01,0,1,0,0,0,0,0,0,0,"- ","- ",39.130821228027344,-121.07379150390625,NEVADA,UNINCORPORATED,-121.07391357421875,39.130928039550781
91540281,2021,2021-08-09,9230,2021-08-07,2030,018691,,6,2,9,2900,0,1,3,,1,061,SR-49,"RUSH CREEK WAY",500.00,N,N,A,-,Y,,,49,,,,,,,Y,4,0,1,1,A,-,08,22107,,N,E,I,A,A,H,-,D,D,0,,,,,Y,,A,07,0,0,1,0,0,0,0,0,0,"- ","- ",39.274459838867188,-121.07958221435547,NEVADA,UNINCORPORATED,-121.07956695556641,39.27447509765625
91606783,2021,2021-10-26,9222,2021-10-21,1208,014397,,4,1,9,2900,0,1,1,,2,024,"I-80 W/B","HIRSCHDALE RD",2640.00,E,N,B,C,Y,,,80,,,,,,W,Y,4,0,1,1,A,-,08,22107,,N,E,8,A,B,H,-,A,D,0,,,,,Y,,A,07,0,0,1,0,0,0,0,0,0,"- ","- ",39.377819061279297,-120.07150268554688,NEVADA,UNINCORPORATED,-120.07161712646484,39.377750396728516
91618445,2021,2021-11-08,9230,2021-11-02,2050,017539,,2,2,9,2900,0,1,3,,1,031,SR-49,"LITTLE VALLEY ROAD",524.00,S,N,B,-,Y,,,49,,,,,,,Y,2,0,1,1,C,-,18,,,N,H,H,A,A,H,-,D,D,0,,,,,Y,,-,"- ",1,0,0,0,0,0,0,0,0,"- ","- ",39.146530151367188,-121.06929779052734,NEVADA,UNINCORPORATED,-121.06935119628906,39.146549224853516
91607573,2021,2021-10-27,9230,2021-10-26,1040,018459,,2,1,9,2900,0,1,3,,1,031,SR-49,"EAST LIME KILN ROAD",0.00,,Y,B,-,Y,,,49,,,,,,,Y,3,0,2,2,A,-,12,21453,A,N,D,C,A,B,H,-,A,A,0,,,,,Y,,A,01,0,2,0,0,0,0,0,0,0,"- ","- ",39.112888336181641,-121.08226776123047,NEVADA,UNINCORPORATED,-121.08229064941406,39.112899780273438
91464008,2021,2021-05-03,9230,2021-04-15,1200,017889,,4,1,9,2900,0,1,3,,1,051,SR-20,"SCOTTS FLAT RD",300.00,E,N,A,-,Y,,,20,,,,,,,Y,4,0,1,1,A,-,03,22350,,N,E,I,A,A,H,-,A,D,0,,,,,Y,,A,01,0,0,1,0,0,0,0,0,0,"- ","- ",39.286830902099609,-120.94457244873047,NEVADA,UNINCORPORATED,-120.94455718994141,39.286769866943359
91561381,2021,2021-09-02,9222,2021-08-29,1840,016852,,7,2,9,2900,0,1,1,,2,024,"INTERSTATE 80 (ALAN S. HART) FREEWAY","I-80 EB FROM FARAD",750.00,E,N,A,-,Y,,,80,,,,,,,Y,3,0,1,1,A,-,08,22107,,N,E,I,A,A,H,-,A,D,0,,,,,Y,,A,01,0,1,0,0,0,0,0,0,0,"- ","- ",39.425830841064453,-120.03517913818359,NEVADA,UNINCORPORATED,-120.03523254394531,39.425849914550781
91580663,2021,2021-09-27,9230,2021-09-16,2215,020013,,4,3,9,2900,0,1,3,,1,061,"SR-49 N/B","SOUTH YUBA RIVER",2112.00,N,N,A,-,Y,,,49,,,,,,N,Y,3,0,1,1,A,-,01,23152,A,N,E,I,A,A,H,-,D,D,0,,,,,Y,Y,D,22,0,1,0,0,0,0,0,0,0,"- ","- ",39.295738220214844,-121.09722900390625,NEVADA,UNINCORPORATED,-121.09758758544922,39.295795440673828
91607388,2021,2021-10-27,9230,2021-10-24,1430,020107,,7,2,9,2900,0,3,5,,2,030,"MCCOURTNEY RD","THOROUGHBRED LOOP",240.00,S,N,B,C,N,,,,,,,,,,Y,3,0,1,1,A,-,08,22107,,N,E,I,A,B,H,-,A,D,0,,,,,Y,,D,22,0,1,0,0,0,0,0,0,0,"- ","- ",39.183971405029297,-121.10521697998047,NEVADA,UNINCORPORATED,-121.10498809814453,39.18402099609375
91618616,2021,2021-11-08,9230,2021-11-06,2300,020013,,6,3,9,2900,0,1,3,,1,061,"SR-49 S/B","MIDDLE YUBA RIVER",2640.00,S,N,B,-,Y,,,49,,,,,,S,Y,3,0,1,1,A,-,03,22350,,N,E,I,A,B,H,-,D,D,0,,,,,Y,,A,01,0,1,0,0,0,0,0,0,0,"- ","- ",39.293251037597656,-121.0943603515625,NEVADA,UNINCORPORATED,-121.09439849853516,39.293342590332031
9367675,2021,2021-12-17,2901,2021-11-25,1355,HOO02,21,4,5,2,2901,0,0,0,,0,,"BRIGHTON ST","MINNIE ST",0.00,,Y,A,-,N,,,,,,,,,,Y,4,0,1,2,A,-,08,22107,,N,D,C,A,A,H,-,A,A,0,,,,,Y,,A,01,0,0,1,0,0,0,0,0,0,"- ","- ",,,NEVADA,"GRASS VALLEY",-121.07212066650391,39.213844299316406
91438072,2021,2021-03-29,9230,2021-03-27,1015,017889,,6,1,9,2900,0,1,3,,1,031,SR-49,"LIME KILN RD",8.00,N,N,A,-,Y,,,49,,,,,,,Y,3,0,2,2,A,-,03,22350,,N,C,C,A,A,H,-,A,A,0,,,,,Y,,A,01,0,2,0,0,0,0,0,0,0,"- ","- ",39.11260986328125,-121.08226013183594,NEVADA,UNINCORPORATED,-121.08238983154297,39.112663269042969
91466450,2021,2021-05-27,9230,2021-04-30,1450,018098,,5,2,9,2900,0,3,5,,2,040,"LOMA RICA DR","EVENING STAR DR",375.00,W,N,A,-,N,,,,,,,,,,Y,2,0,1,2,A,-,09,21804,A,N,D,C,A,A,H,-,A,D,0,,,,,Y,,A,07,1,0,0,0,0,0,0,0,0,"- ","- ",39.220798492431641,-121.01560974121094,NEVADA,UNINCORPORATED,-121.01559448242188,39.220733642578125
91526414,2021,2021-07-22,9230,2021-06-09,1245,020425,,3,1,9,2900,0,3,5,,2,050,"WASHINGTON ROAD","MYHRER WAY",46.00,S,N,A,-,N,,,,,,,,,,Y,3,0,1,1,A,-,01,23152,A,N,F,A,A,A,H,-,A,D,0,,,,,Y,Y,A,07,0,1,0,0,0,0,0,0,0,"- ","- ",39.325679779052734,-120.80152893066406,NEVADA,UNINCORPORATED,-120.80148315429688,39.325626373291016
91587586,2021,2021-10-04,9222,2021-10-02,1505,017550,,6,2,3,2908,0,1,1,,2,023,"I-80 E/B","FIBERBOARD UNDERCROSSING",900.00,W,N,A,-,Y,,,80,,,,,,E,Y,4,0,2,1,A,-,03,22350,,N,F,0,A,A,H,-,A,D,0,,,,,Y,,J,48,0,0,2,0,0,0,0,0,0,"- ","- ",39.343250274658203,-120.16088104248047,NEVADA,TRUCKEE,-120.16094970703125,39.343338012695312
91601219,2021,2021-10-20,9222,2021-10-18,0630,016852,,1,1,3,2908,0,1,1,,2,023,"INTERSTATE 80 [ALAN S. HART FREEWAY]","TWIN BRIDGES - 1ST BRIDGE - EAST END",755.00,E,N,D,G,Y,,,80,,,,,,,N,4,0,1,2,A,-,07,21658,A,N,B,C,A,C,H,-,C,D,0,,,,,Y,,D,22,0,0,1,0,0,0,0,0,0,"- ","- ",39.375419616699219,-120.10619354248047,NEVADA,TRUCKEE,-120.10617065429688,39.375381469726562
91530872,2021,2021-07-28,9222,2021-07-19,1244,015908,,1,1,9,2900,0,1,1,,2,022,"I-80 E/B","CASTLE PEAK RD.",8923.00,E,N,A,-,Y,,,80,,,,,,E,Y,3,0,1,3,A,-,03,22350,,N,C,2,A,A,D,-,A,A,0,,,,Y,Y,,A,01,0,1,0,0,0,0,0,0,0,"- ","- ",39.34130859375,-120.31786346435547,NEVADA,UNINCORPORATED,-120.31784820556641,39.341278076171875
91385083,2021,2021-01-11,9222,2021-01-09,2255,018315,,6,3,3,2908,0,1,1,,2,023,"I-80 (E/B)","HIRSCHDALE RD.",2112.00,W,N,A,-,Y,,,80,,,,,,,Y,4,0,1,1,A,-,08,22107,,N,E,I,A,B,H,-,E,D,0,,,,,Y,,A,07,0,0,1,0,0,0,0,0,0,"- ","- ",39.38330078125,-120.09219360351562,NEVADA,TRUCKEE,-120.09218597412109,39.383251190185547
91430169,2021,2021-03-18,9230,2021-03-15,0605,018691,,1,1,2,2901,0,1,3,,2,042,"SR-20 W/B","EMPIRE ST",175.00,E,N,B,C,Y,,,20,,,,,,W,Y,2,0,1,1,A,-,01,23152,F,N,E,I,A,B,H,-,C,D,0,,,,,Y,,A,01,1,0,0,0,0,0,0,0,0,"- ","- ",39.209129333496094,-121.06864166259766,NEVADA,"GRASS VALLEY",-121.06855010986328,39.209716796875
91451825,2021,2021-04-16,9230,2021-04-08,2226,020059,,4,3,9,2900,0,3,5,,2,030,"BREWER ROAD","LAWRENCE WAY",332.00,S,N,A,-,N,,,,,,,,,,Y,3,0,1,1,A,-,01,23152,A,N,E,I,A,A,H,-,D,D,0,,,,,Y,Y,A,07,0,1,0,0,0,0,0,0,0,"- ","- ",39.131179809570312,-121.04715728759766,NEVADA,UNINCORPORATED,-121.04692840576172,39.131122589111328
91461611,2021,2021-05-27,9230,2021-04-21,1943,018014,,3,2,9,2900,0,3,5,,2,060,"TYLER FOOTE RD","SHADY CREEK DR",450.00,E,N,A,-,N,,,,,,,,,,Y,3,0,1,1,A,-,08,22107,,N,F,A,A,A,H,-,B,A,0,,,Y,,Y,,C,02,0,1,0,0,0,0,0,0,1,"- ","- ",39.346458435058594,-121.07572937011719,NEVADA,UNINCORPORATED,-121.07593536376953,39.346179962158203
91512074,2021,2021-07-02,9222,2021-06-29,0050,018515,,2,3,9,2900,0,1,1,,2,024,"I-80 EASTBOUND",FLORISTON,6800.00,W,N,A,-,Y,,,80,,,,,,E,Y,3,0,1,1,A,-,08,22107,,N,E,I,A,A,H,-,D,D,0,,,,,Y,,A,01,0,1,0,0,0,0,0,0,0,"- ","- ",39.380001068115234,-120.02279663085938,NEVADA,UNINCORPORATED,-120.02284240722656,39.380020141601562
91639767,2021,2021-12-01,9222,2021-11-23,0741,015908,,2,1,9,2900,0,1,3,,1,016,SR-267,"SCHAFFER MILL RD.",35.00,N,N,A,-,Y,,,,,,,,,,Y,3,0,1,2,A,-,21,22106,,N,C,C,A,A,H,-,A,A,0,,,,,Y,,A,01,0,1,0,0,0,0,0,0,0,"- ","- ",39.314678192138672,-120.14885711669922,NEVADA,UNINCORPORATED,-120.14869689941406,39.314678192138672
9287729,2021,2021-08-02,2908,2021-07-01,1430,6193,PROSS,4,5,3,2908,0,0,0,,0,013,"RT 89","RAINBOW DR",2097.00,S,N,A,-,Y,NEV,3,89,-,-,1.730,H,-,S,Y,3,0,1,1,C,-,18,,,N,F,A,A,A,H,-,A,D,0,,,,,Y,,-,"- ",0,1,0,0,0,0,0,0,0,"- ","- ",,,NEVADA,TRUCKEE,-120.17298889160156,39.354084014892578
91496581,2021,2021-06-14,9230,2021-06-06,1105,017889,,7,1,9,2900,0,1,3,,1,051,SR-20,"HARMONY RIDGE RD",250.00,E,N,A,-,Y,,,20,,,,,,,Y,3,0,1,2,A,-,09,21804,A,N,D,C,A,A,H,-,A,D,0,,,,,Y,,A,01,0,1,0,0,0,0,0,0,0,"- ","- ",39.285011291503906,-120.96434783935547,NEVADA,UNINCORPORATED,-120.96434783935547,39.284992218017578
91581973,2021,2021-09-28,9230,2021-09-23,1530,017539,,4,2,9,2900,0,1,3,,1,031,SR-49,"CRESTVIEW DRIVE",720.00,S,N,A,-,Y,,,49,,,,,,,Y,2,0,2,2,A,-,09,21804,A,N,D,C,A,A,H,-,A,D,0,,,,,Y,,A,01,1,1,0,0,0,0,0,0,0,"- ","- ",39.188838958740234,-121.05182647705078,NEVADA,UNINCORPORATED,-121.05184936523438,39.188838958740234
91453981,2021,2021-04-20,9230,2021-04-17,1215,018459,,6,1,9,2900,0,3,5,,2,040,"IDAHO MARYLAND RD","BRUNSWICK RD",17.00,E,N,A,-,N,,,,,,,,,,N,4,0,1,2,A,-,03,22350,,N,C,C,A,A,H,-,A,A,0,,,,,Y,,A,07,0,0,1,0,0,0,0,0,0,"- ","- ",39.224010467529297,-121.02631378173828,NEVADA,UNINCORPORATED,-121.02634429931641,39.223918914794922
91518728,2021,2021-07-13,9230,2021-07-06,1959,016426,,2,2,9,2900,0,1,3,,1,041,SR-174,"GOPHER HILL COURT",300.00,E,N,A,-,Y,,,174,,,,,,,Y,3,0,1,2,C,-,18,,,N,E,J,A,A,H,-,B,D,0,,,,,Y,,-,"- ",0,1,0,0,0,0,0,0,0,"- ","- ",39.191268920898438,-121.00218963623047,NEVADA,UNINCORPORATED,-121.00218963623047,39.191265106201172
91557370,2021,2021-08-27,9230,2021-08-26,1458,020411,,4,2,9,2900,0,3,5,,2,070,"ALTA STREET","RIDGE ROAD",112.00,S,N,A,-,N,,,,,,,,,,Y,4,0,1,2,A,-,05,21460,A,N,B,C,A,A,H,-,A,D,0,,,,,Y,,A,08,0,0,1,0,0,0,0,0,0,"- ","- ",39.231731414794922,-121.07305908203125,NEVADA,UNINCORPORATED,-121.07306671142578,39.231731414794922
91591046,2021,2021-10-07,9230,2021-10-06,1112,019940,,3,1,9,2900,0,1,3,,1,031,"SR-49 S/B","WOLF RD",15.00,N,N,A,-,Y,,,49,,,,,,S,N,4,0,1,2,A,-,03,22350,,N,C,C,A,A,H,-,A,A,0,,,Y,,Y,,A,01,0,0,1,0,0,0,0,0,1,"- ","- ",39.042858123779297,-121.09465789794922,NEVADA,UNINCORPORATED,-121.0946044921875,39.042854309082031
9232290,2021,2021-04-07,2908,2021-02-05,1742,6141,13,5,5,3,2908,0,0,0,,0,DOWNTO,"WEST RIVER ST","MCIVERS XING",0.00,,Y,A,-,N,,,,,,,,,,N,4,0,1,2,A,-,09,21802,,M,D,C,A,A,H,-,B,A,0,,,,,Y,Y,A,01,0,0,1,0,0,0,0,0,0,"- ","- ",,,NEVADA,TRUCKEE,,
9284842,2021,2021-08-09,2908,2021-06-13,0131,6634,13,7,5,3,2908,0,0,0,,0,GLENSH,"36TH FT NORTH GLENSHIRE DR","OLD STATE RT 40",52.00,E,N,A,-,N,,,,,,,,,,Y,4,0,1,1,A,-,03,22350,A,N,E,I,A,A,H,-,D,D,0,,,,,Y,Y,A,08,0,0,1,0,0,0,0,0,0,"- ","- ",,,NEVADA,TRUCKEE,,