CASE_ID,ACCIDENT_YEAR,PROC_DATE,JURIS,COLLISION_DATE,COLLISION_TIME,OFFICER_ID,REPORTING_DISTRICT,DAY_OF_WEEK,CHP_SHIFT,POPULATION,CNTY_CITY_LOC,SPECIAL_COND,BEAT_TYPE,CHP_BEAT_TYPE,CITY_DIVISION_LAPD,CHP_BEAT_CLASS,BEAT_NUMBER,PRIMARY_RD,SECONDARY_RD,DISTANCE,DIRECTION,INTERSECTION,WEATHER_1,WEATHER_2,STATE_HWY_IND,CALTRANS_COUNTY,CALTRANS_DISTRICT,STATE_ROUTE,ROUTE_SUFFIX,POSTMILE_PREFIX,POSTMILE,LOCATION_TYPE,RAMP_INTERSECTION,SIDE_OF_HWY,TOW_AWAY,COLLISION_SEVERITY,NUMBER_KILLED,NUMBER_INJURED,PARTY_COUNT,PRIMARY_COLL_FACTOR,PCF_CODE_OF_VIOL,PCF_VIOL_CATEGORY,PCF_VIOLATION,PCF_VIOL_SUBSECTION,HIT_AND_RUN,TYPE_OF_COLLISION,MVIW,PED_ACTION,ROAD_SURFACE,ROAD_COND_1,ROAD_COND_2,LIGHTING,CONTROL_DEVICE,CHP_ROAD_TYPE,PEDESTRIAN_ACCIDENT,BICYCLE_ACCIDENT,MOTORCYCLE_ACCIDENT,TRUCK_ACCIDENT,NOT_PRIVATE_PROPERTY,ALCOHOL_INVOLVED,STWD_VEHTYPE_AT_FAULT,CHP_VEHTYPE_AT_FAULT,COUNT_SEVERE_INJ,COUNT_VISIBLE_INJ,COUNT_COMPLAINT_PAIN,COUNT_PED_KILLED,COUNT_PED_INJURED,COUNT_BICYCLIST_KILLED,COUNT_BICYCLIST_INJURED,COUNT_MC_KILLED,COUNT_MC_INJURED,PRIMARY_RAMP,SECONDARY_RAMP,LATITUDE,LONGITUDE,COUNTY,CITY,POINT_X,POINT_Y
91616170,2021,2021-11-04,9230,2021-11-03,0850,018459,,3,1,9,2900,0,1,3,,1,031,SR-49,"BETHEL CHURCH WAY",390.00,S,N,B,-,Y,,,49,,,,,,,N,4,0,1,2,A,-,03,22350,,N,C,C,A,A,H,-,A,D,0,,,,,Y,,A,01,0,0,1,0,0,0,0,0,0,"- ","- ",39.175258636474609,-121.0538330078125,NEVADA,UNINCORPORATED,-121.05387115478516,39.175266265869141
91552796,2021,2021-08-24,9230,2021-08-02,0945,017889,,1,1,9,2900,0,3,5,,2,040,"LOWER COLFAX RD","GALILEE CT",1320.00,N,N,A,-,N,,,,,,,,,,Y,2,0,1,3,A,-,04,21703,,N,C,G,A,A,H,-,A,D,0,,Y,,,Y,,L,04,1,0,0,0,0,0,1,0,0,"- ","- ",39.179931640625,-121.00222015380859,NEVADA,UNINCORPORATED,-121.00237274169922,39.180927276611328
91616611,2021,2021-11-04,9222,2021-10-24,1509,017550,,7,2,9,2900,0,1,1,,2,024,"I-80 W/B","HINTON ROAD UNDERCROSSING",2100.00,W,N,C,-,Y,,,80,,,,,,W,Y,3,0,2,1,A,-,08,22107,,N,E,I,A,B,H,-,A,D,0,,,,,Y,,A,01,0,2,0,0,0,0,0,0,0,"- ","- ",39.37847900390625,-120.07205200195312,NEVADA,UNINCORPORATED,-120.072021484375,39.378498077392578
91492309,2021,2021-06-08,9230,2021-06-06,1215,018459,,7,1,9,2900,0,1,3,,1,051,SR-20,"VALENCIA ROAD",180.00,E,N,A,-,Y,,,20,,,,,,,N,3,0,1,2,A,-,06,21760,B,N,B,G,A,A,H,-,A,D,0,,Y,,,Y,,D,22,0,1,0,0,0,0,1,0,0,"- ","- ",39.323020935058594,-120.88152313232422,NEVADA,UNINCORPORATED,-120.88153076171875,39.323051452636719
91652666,2021,2021-12-15,9230,2021-12-09,2120,020059,,4,2,9,2900,0,1,3,,1,061,"STATE ROUTE 49","SHOSHONI TRAIL COURT",327.00,S,N,B,-,Y,,,49,,,,,,,Y,3,0,1,1,A,-,01,23152,A,N,E,I,A,A,H,-,D,D,0,,,,,Y,Y,A,01,0,1,0,0,0,0,0,0,0,"- ","- ",39.271980285644531,-121.06773376464844,NEVADA,UNINCORPORATED,-121.06772613525391,39.272109985351562
91487329,2021,2021-10-26,9230,2021-05-19,1533,020013,,3,2,9,2900,0,3,5,,2,060,"STATE ROUTE 49 S/B","HIGH STREET",200.00,N,N,A,-,Y,,,49,,,,,,S,Y,3,0,1,2,A,-,11,21954,A,N,G,B,D,A,H,-,A,D,0,Y,,,,Y,Y,N,60,0,1,0,0,1,0,0,0,0,"- ","- ",39.369701385498047,-121.10500335693359,NEVADA,UNINCORPORATED,-121.10502624511719,39.369777679443359
91541314,2021,2021-08-10,9222,2021-08-08,1517,019233,,7,2,9,2900,0,1,1,,2,024,"I-80 E/B",FARAD,2640.00,W,N,A,-,Y,,,80,,,,,,E,Y,4,0,1,2,A,-,08,22107,,N,E,8,A,A,H,-,A,D,0,,,,,Y,,A,01,0,0,1,0,0,0,0,0,0,"- ","- ",39.416141510009766,-120.02928924560547,NEVADA,UNINCORPORATED,-120.02939605712891,39.416053771972656
91618464,2021,2021-11-08,9230,2021-11-05,1730,018014,,5,2,9,2900,0,1,3,,1,041,"SR-174 S/B","FOREST PARK LANE",0.00,,Y,A,-,Y,,,174,,,,,,S,Y,2,0,1,2,A,-,05,21460,A,N,D,C,A,A,H,-,A,D,0,,,,,Y,,D,22,1,0,0,0,0,0,0,0,0,"- ","- ",39.191818237304688,-121.00666809082031,NEVADA,UNINCORPORATED,-121.00666809082031,39.191825866699219
91407610,2021,2021-02-12,9230,2021-02-09,1610,018107,,2,2,9,2900,0,3,5,,2,030,"BREWER RD","ANNIE DR",5808.00,N,N,A,-,N,,,,,,,,,,Y,3,0,2,2,A,-,08,22107,,N,A,C,A,A,H,-,A,D,0,,,,,Y,,D,22,0,1,1,0,0,0,0,0,0,"- ","- ",39.120628356933594,-121.04084014892578,NEVADA,UNINCORPORATED,-121.04638671875,39.135768890380859
91553779,2021,2021-10-06,9230,2021-08-04,1645,020425,,3,2,9,2900,0,1,3,,1,031,SR-49,"BREWER ROAD",1130.00,S,N,A,-,Y,,,49,,,,,,,Y,3,0,2,3,A,-,03,22350,,N,C,C,A,A,H,-,A,D,0,,,,,Y,,D,22,0,2,0,0,0,0,0,0,0,"- ","- ",39.056179046630859,-121.09210205078125,NEVADA,UNINCORPORATED,-121.0921630859375,39.056236267089844
91558513,2021,2021-08-30,9230,2021-08-14,1220,017889,,6,1,9,2900,0,3,5,,2,040,"YOU BET RD","FAWN HILL DR",528.00,W,N,A,-,N,,,,,,,,,,Y,3,0,2,2,A,-,05,21460,A,N,B,C,A,A,H,-,A,A,0,,,,,Y,,D,22,0,1,1,0,0,0,0,0,0,"- ","- ",39.191520690917969,-120.97380828857422,NEVADA,UNINCORPORATED,-120.97088623046875,39.191165924072266
9278075,2021,2021-07-12,2908,2021-05-15,0055,6554,11,6,5,3,2908,0,0,0,,0,GATEWA,"DONNER TRAIL RD","DONNER PASS RD",343.00,N,N,A,-,N,,,,,,,,,,Y,4,0,1,2,A,-,03,22350,,N,E,J,A,A,H,-,C,D,0,,,,,Y,Y,A,01,0,0,1,0,0,0,0,0,0,"- ","- ",,,NEVADA,TRUCKEE,-120.21392822265625,39.327007293701172
91546653,2021,2021-08-17,9230,2021-08-11,1845,018691,,3,2,9,2900,0,1,3,,1,061,SR-49,"SOUTH YUBA RIVER BRIDGE",2640.00,S,N,A,-,Y,,,49,,,,,,,Y,3,0,1,1,A,-,08,22107,,N,F,A,A,A,H,-,A,D,0,,,Y,,Y,,C,02,0,1,0,0,0,0,0,0,1,"- ","- ",39.297451019287109,-121.09033966064453,NEVADA,UNINCORPORATED,-121.09036254882812,39.297439575195312
91584123,2021,2021-09-30,9222,2021-09-25,1315,015908,,6,1,9,2900,0,3,5,,2,020,"USFS ROAD 89-036","SR-89 NORTH",2640.00,W,N,A,-,N,,,,,,,,,,Y,3,0,2,2,B,-,22,,,N,A,E,A,A,H,-,A,D,0,,,Y,,Y,,C,06,0,2,0,0,0,0,0,0,2,"- ","- ",39.258930206298828,-120.12300109863281,NEVADA,UNINCORPORATED,,
91588057,2021,2021-10-05,9230,2021-09-26,1450,020107,,7,2,9,2900,0,1,3,,1,092,SR-49,"LEWIS LN",4570.00,N,N,A,-,Y,,,,,,,,,,Y,3,0,1,2,A,-,09,21804,A,N,D,C,A,A,H,-,A,D,0,,,,,Y,,D,22,0,1,0,0,0,0,0,0,0,"- ","- ",39.584480285644531,-120.60942077636719,NEVADA,UNINCORPORATED,-120.60926055908203,39.58489990234375
91589824,2021,2021-10-06,9230,2021-10-02,1455,020107,,6,2,9,2900,0,3,5,,2,060,"CRUZON GRADE ROAD","BEAR TRAP SPRINGS RD",1549.00,W,N,A,-,N,,,,,,,,,,Y,2,0,1,1,A,-,08,22107,,N,E,I,A,A,H,-,A,D,0,,,,,Y,,A,01,1,0,0,0,0,0,0,0,0,"- ","- ",39.393150329589844,-121.93813323974609,NEVADA,UNINCORPORATED,-120.93931579589844,39.392902374267578
91494826,2021,2021-06-11,9230,2021-06-02,1854,020013,,3,2,9,2900,0,3,5,,2,050,"GASTON ROAD","ANCHO MINE ROAD",15840.00,S,N,A,-,N,,,,,,,,,,N,2,0,1,1,A,-,01,23152,A,N,F,A,A,A,H,-,A,D,0,,,,,Y,Y,A,07,1,0,0,0,0,0,0,0,0,"- ","- ",39.380321502685547,-120.75347137451172,NEVADA,UNINCORPORATED,-120.75609588623047,39.378746032714844
91525840,2021,2021-07-21,9230,2021-07-06,2145,020059,,2,2,9,2900,0,1,3,,2,052,"STATE ROUTE 20","WHITE CLOUD ROAD",1569.00,E,N,A,-,Y,,,20,,,,,,,Y,1,1,0,1,A,-,08,22107,,N,E,I,A,A,H,-,D,D,0,,,,,Y,,D,22,0,0,0,0,0,0,0,0,0,"- ","- ",39.320949554443359,-120.84091949462891,NEVADA,UNINCORPORATED,-120.84095001220703,39.320995330810547
91551498,2021,2021-08-23,9230,2021-08-15,1725,018691,,7,2,9,2900,0,1,3,,1,061,SR-49,"SOUTH YUBA RIVER BRIDGE",850.00,N,N,F,-,Y,,,49,,,,,,,Y,3,0,2,2,A,-,01,23152,A,N,C,E,A,A,H,-,A,A,0,,,,,Y,Y,A,01,0,2,0,0,0,0,0,0,0,"- ","- ",39.297451019287109,-121.09033966064453,NEVADA,UNINCORPORATED,-121.09036254882812,39.297439575195312
91614868,2021,2021-11-03,9230,2021-10-29,1403,020411,,5,2,9,2900,0,3,5,,2,060,"OAK TREE ROAD","BLUE SAGE WAY",497.00,W,N,A,-,N,,,,,,,,,,Y,2,0,2,2,A,-,01,23152,A,N,A,C,A,A,H,-,A,D,0,,,,,Y,Y,A,01,1,1,0,0,0,0,0,0,0,"- ","- ",39.666221618652344,-121.09668731689453,NEVADA,UNINCORPORATED,-121.09660339355469,39.366199493408203
91694788,2021,2022-02-07,9230,2021-12-11,1405,020107,,6,2,9,2900,0,1,3,,1,031,"STATE ROUTE 49 (GOLDEN CHAIN HIGHWAY)","LITTLE DEER DR",10.00,N,N,A,-,Y,,,49,,,,,,,Y,1,1,1,2,A,-,03,22350,,N,B,2,A,A,H,-,A,D,0,,,Y,,Y,,C,02,1,0,0,0,0,0,0,1,1,"- ","- ",39.1209716796875,-121.07901000976562,NEVADA,UNINCORPORATED,-121.07900238037109,39.120967864990234
91458606,2021,2021-04-26,9222,2021-04-14,0742,016576,,3,1,9,2900,0,1,1,,2,021,"INTERSTATE 80 WESTBOUND","SODA SPRINGS OVERCROSSING",6072.00,E,N,A,-,Y,,,80,,,,,,W,Y,1,1,0,1,A,-,08,22107,,N,E,I,A,A,H,-,A,D,0,,,,,Y,,A,07,0,0,0,0,0,0,0,0,0,"- ","- ",39.327751159667969,-120.37107849121094,NEVADA,UNINCORPORATED,-120.37110900878906,39.327827453613281
91655405,2021,2021-12-17,9230,2021-10-30,0424,020059,,6,3,9,2900,0,3,5,,2,070,"ALTA STREET","DOLORES DRIVE",182.00,S,N,B,-,N,,,,,,,,,,N,1,1,0,2,A,-,03,22350,,F,G,B,E,A,H,-,D,D,0,Y,,,,Y,,A,01,0,0,0,1,0,0,0,0,0,"- ","- ",39.228958129882812,-121.07115173339844,NEVADA,UNINCORPORATED,-121.07112121582031,39.228981018066406
91591893,2021,2021-10-08,9230,2021-10-04,1530,016843,,1,2,9,2900,0,1,3,,1,061,"STATE ROUTE 49","NISHINAM GULCH ROAD",50.00,S,N,A,-,Y,,,49,,,,,,,N,4,0,1,2,A,-,03,22350,,N,C,C,A,A,D,-,A,A,0,,,,,Y,,D,22,0,0,1,0,0,0,0,0,0,"- ","- ",39.279270172119141,-121.09854125976562,NEVADA,UNINCORPORATED,-121.09855651855469,39.279232025146484
91404469,2021,2021-02-08,9222,2021-02-06,2225,017550,,6,3,3,2908,0,1,1,,2,023,"I-80 W/B","HIRSCHDALE RD",7920.00,W,N,A,-,Y,,,80,,,,,,W,Y,4,0,1,1,A,-,03,22350,,N,F,A,A,C,H,-,D,D,0,,,,,Y,,A,07,0,0,1,0,0,0,0,0,0,"- ","- ",39.372219085693359,-120.11309051513672,NEVADA,TRUCKEE,-120.11298370361328,39.372104644775391
91521708,2021,2021-07-16,9222,2021-07-05,1920,017550,,1,2,9,2900,0,3,5,,2,020,"HIRSCHDALE RD.","I-80 OVERPASS",400.00,N,N,A,-,N,,,,,,,,,,Y,4,0,1,1,A,-,08,22107,,N,E,A,A,A,H,-,B,D,0,,,,,Y,,A,07,0,0,1,0,0,0,0,0,0,"- ","- ",39.384811401367188,-120.08441162109375,NEVADA,UNINCORPORATED,-120.08344268798828,39.38446044921875
91494830,2021,2021-06-11,9230,2021-06-06,2020,020013,,7,2,9,2900,0,3,5,,2,040,"SR 174 S/B","JEWETT LANE",250.00,S,N,A,-,Y,,,174,,,,,,S,Y,4,0,1,1,A,-,03,22350,,N,E,I,A,A,H,-,D,D,0,,,,,Y,,A,07,0,0,1,0,0,0,0,0,0,"- ","- ",39.180019378662109,-120.97412872314453,NEVADA,UNINCORPORATED,-120.97409820556641,39.180007934570312
91555394,2021,2021-08-26,9230,2021-08-24,2140,018459,,2,2,9,2900,0,3,5,,2,030,"ALEXANDRA WAY","NORLENE WAY",1567.00,W,N,A,-,N,,,,,,,,,,Y,3,0,1,1,A,-,08,22107,,N,E,I,A,A,H,-,D,D,0,,,,,Y,,A,01,0,1,0,0,0,0,0,0,0,"- ","- ",39.125709533691406,-121.05606842041016,NEVADA,UNINCORPORATED,-121.05532836914062,39.119251251220703
9296860,2021,2021-09-10,2908,2021-08-03,1418,6617,,2,5,3,2908,0,0,0,,0,011,"NORTHWOOD BL","CHAMONIX RD",400.00,N,N,A,-,N,,,,,,,,,,N,3,0,1,2,A,-,05,21460,A,N,-,G,A,A,A,-,A,-,0,,Y,,,Y,,A,01,0,1,0,0,0,0,1,0,0,"- ","- ",,,NEVADA,TRUCKEE,-120.22547912597656,39.344268798828125
9314117,2021,2021-09-22,2908,2021-08-08,0955,6543,,7,5,3,2908,0,0,0,,0,,"NORTHWOODS BL","WHITE FIR RD",50.00,N,N,A,-,Y,,,,,,,,,,N,3,0,1,1,A,-,08,22107,,N,F,I,A,A,H,-,A,D,0,,,,,Y,,A,01,0,1,0,0,0,0,0,0,0,"- ","- ",,,NEVADA,TRUCKEE,-120.21524047851562,39.33294677734375
91544662,2021,2021-08-13,9222,2021-08-11,1405,014397,,3,2,9,2900,0,1,1,,2,021,"I-80 E/B","SODA SPRINGS O/C",300.00,W,N,A,-,Y,,,80,,,,,,E,Y,4,0,1,1,A,-,08,22107,,N,E,I,A,A,H,-,A,D,0,,,,,Y,,A,08,0,0,1,0,0,0,0,0,0,"- ","- ",39.324909210205078,-120.392578125,NEVADA,UNINCORPORATED,-120.39261627197266,39.324985504150391
91390214,2021,2021-01-18,9221,2021-01-16,0450,018530,,6,3,9,2900,0,1,1,,2,387,"I80 EB TO SR20 OFF RAMP","I-80 E/B",250.00,E,N,A,-,Y,,,,,,,,,,Y,4,0,1,1,A,-,08,22107,,N,E,I,A,A,H,-,C,D,0,,,,Y,Y,,G,25,0,0,1,0,0,0,0,0,0,"- ","- ",39.325641632080078,-120.59899139404297,NEVADA,UNINCORPORATED,-120.20259857177734,39.322933197021484
91527190,2021,2021-07-23,9222,2021-07-15,2325,018315,,4,3,3,2908,0,1,1,,2,023,"I-80 (E/B)","OVERLAND TRAIL",528.00,W,N,A,-,Y,,,80,,,,,,,N,2,0,1,1,A,-,07,21658,A,N,E,I,A,A,H,-,C,D,0,,,,,Y,,A,01,1,0,0,0,0,0,0,0,0,"- ","- ",39.352909088134766,-120.14897918701172,NEVADA,TRUCKEE,-120.14899444580078,39.352928161621094
91534573,2021,2021-08-02,9230,2021-07-26,0555,018107,,1,3,9,2900,0,3,5,,2,070,"PLEASANT VALLEY ROAD","MCLAND COURT",450.00,N,N,A,-,N,,,,,,,,,,Y,3,0,1,1,C,-,18,,,N,H,H,A,A,H,-,B,D,0,,,,,Y,,-,"- ",0,1,0,0,0,0,0,0,0,"- ","- ",39.213031768798828,-121.20086669921875,NEVADA,UNINCORPORATED,-121.20133972167969,39.212055206298828
91563857,2021,2021-09-07,9230,2021-08-25,1800,018691,,3,2,9,2900,0,1,3,,1,071,SR-20,"WILD TURKEY LANE",1572.00,E,N,A,-,Y,,,,,,,,,,Y,2,0,3,2,A,-,01,23152,A,N,A,C,A,A,H,-,A,D,0,,,,,Y,Y,A,07,2,1,0,0,0,0,0,0,0,"- ","- ",39.205360412597656,-121.69766998291016,NEVADA,UNINCORPORATED,-121.26470947265625,39.20416259765625
91594321,2021,2021-10-12,9230,2021-10-11,1422,018691,,1,2,2,2902,0,1,3,,2,052,SR-20,SR-49,0.00,,Y,A,-,N,,,20,,,,,,,Y,4,0,1,2,A,-,09,21801,A,N,D,C,A,A,H,-,A,D,0,,,,,Y,,A,01,0,0,1,0,0,0,0,0,0,"- ","- ",39.267879486083984,-121.01515197753906,NEVADA,"NEVADA CITY",-121.01516723632812,39.267894744873047
91594350,2021,2021-10-12,9230,2021-08-09,1310,017889,,1,1,2,2901,0,1,3,,2,042,"SR-20 W/B","IDAHO MARYLAND RD/E MAIN ST OFF RAMP",300.00,E,N,A,-,Y,,,,,,,,,,Y,4,0,1,1,A,-,08,22107,,M,E,I,A,A,H,-,A,D,0,,,,,Y,,A,01,0,0,1,0,0,0,0,0,0,"- ","- ",,,NEVADA,"GRASS VALLEY",-121.05072784423828,39.223140716552734
91617156,2021,2021-11-05,9230,2021-11-04,0727,018459,,4,1,9,2900,0,1,3,,1,031,SR-49,"WOLF ROAD",63.00,N,N,B,C,Y,,,49,,,,,,,N,4,0,1,2,A,-,03,22350,,N,C,C,A,B,H,-,A,A,0,,,,,Y,,E,22,0,0,1,0,0,0,0,0,0,"- ","- ",39.042869567871094,-121.09468841552734,NEVADA,UNINCORPORATED,-121.0946044921875,39.042861938476562
91472365,2021,2021-05-27,9230,2021-05-08,0950,018691,,6,1,9,2900,0,3,5,,2,030,"MCCOURTNEY ROAD","CLEAR CREEK PLACE",0.00,,Y,A,-,N,,,,,,,,,,Y,4,0,1,2,A,-,09,21801,A,N,D,C,A,A,H,-,A,D,0,,,,,Y,,D,22,0,0,1,0,0,0,0,0,0,"- ","- ",39.138351440429688,-121.14534759521484,NEVADA,UNINCORPORATED,-121.14540863037109,39.138328552246094
91431078,2021,2021-03-19,9230,2021-03-17,1730,016426,,3,2,9,2900,0,3,5,,2,050,"RED DOG RD","BOULDER ST",350.00,E,N,B,-,N,,,,,,,,,,Y,2,0,1,2,A,-,01,23152,A,N,D,C,A,A,H,-,A,D,0,,,,,Y,Y,A,01,1,0,0,0,0,0,0,0,0,"- ","- ",39.262561798095703,-121.00550079345703,NEVADA,UNINCORPORATED,-121.00557708740234,39.262645721435547
91456992,2021,2021-04-23,9222,2021-04-14,1829,015913,,3,2,9,2900,0,1,1,,2,024,"I-80 WESTBOUND","FLORISTON RD.",5280.00,E,N,A,-,Y,,,80,,,,,,W,Y,3,0,1,1,A,-,01,23152,A,N,E,I,A,A,H,-,A,D,0,,,,,Y,Y,A,08,0,1,0,0,0,0,0,0,0,"- ","- ",39.409221649169922,-120.02725219726562,NEVADA,UNINCORPORATED,-120.02720642089844,39.409221649169922
9324351,2021,2021-11-10,2908,2021-09-04,1900,6634,TRUCK,6,5,3,2908,0,0,0,,0,013,"GLENSHIRE DR","TRUCKEE WY",247.00,E,N,A,-,N,,,,,,,,,,Y,3,0,1,1,A,-,03,22350,A,N,E,J,A,A,H,-,A,D,0,,,,,Y,,A,01,0,1,0,0,0,0,0,0,0,"- ","- ",,,NEVADA,TRUCKEE,-120.17842864990234,39.332424163818359
91606901,2021,2021-10-26,9222,2021-10-22,0955,014397,,5,1,9,2900,0,1,1,,2,024,"I-80 W/B","HIRSCHDALE RD",3168.00,E,N,B,C,Y,,,80,,,,,,W,N,4,0,2,2,A,-,03,22350,,N,C,C,A,B,H,-,A,D,0,,,,Y,Y,,G,25,0,0,2,0,0,0,0,0,0,"- ","- ",39.377948760986328,-120.07167816162109,NEVADA,UNINCORPORATED,-120.07171630859375,39.377933502197266
9314002,2021,2021-10-01,2908,2021-08-01,1254,6594,,7,5,3,2908,0,0,0,,0,011,"DONNER PASS RD","SUMMIT DR",1536.00,E,N,A,-,N,,,,,,,,,,N,3,0,1,2,A,-,09,21801,A,N,D,G,A,A,H,-,A,D,0,,Y,,,Y,,A,01,0,1,0,0,0,0,1,0,0,"- ","- ",,,NEVADA,TRUCKEE,-120.23785400390625,39.325702667236328
91591653,2021,2021-10-08,9230,2021-10-03,1700,020411,,7,2,9,2900,0,1,3,,1,041,SR-174,"BRUNSWICK DRIVE",300.00,N,N,A,-,Y,,,174,,,,,,,Y,3,0,1,2,A,-,09,21801,A,N,D,C,A,A,H,-,A,D,0,,,Y,,Y,,A,01,0,1,0,0,0,0,0,0,1,"- ","- ",39.198871612548828,-121.02234649658203,NEVADA,UNINCORPORATED,-121.02234649658203,39.198860168457031
9222649,2021,2021-03-18,2908,2021-01-06,2249,6595,13,3,5,3,2908,0,0,0,,0,,"BROCKWAY RD","WINTER CREEK LOOP",56.00,W,N,A,-,N,,,,,,,,,,Y,3,0,1,1,A,-,01,23152,A,N,E,I,A,C,H,-,C,D,0,,,,,Y,Y,A,07,0,1,0,0,0,0,0,0,0,"- ","- ",,,NEVADA,TRUCKEE,-120.17103576660156,39.325241088867188
91553785,2021,2021-08-25,9230,2021-08-17,2000,018691,,2,2,9,2900,0,3,5,,2,080,"ROUGH AND READY HWY","EAST DRIVE",0.00,,Y,A,-,N,,,,,,,,,,Y,3,0,1,2,A,-,03,22350,,N,C,C,A,A,H,-,B,A,0,,,,,Y,,A,01,0,1,0,0,0,0,0,0,0,"- ","- ",39.229270935058594,-121.09673309326172,NEVADA,UNINCORPORATED,-121.09677124023438,39.229270935058594
91576392,2021,2021-09-22,9230,2021-09-20,0808,018459,,1,1,9,2900,0,3,5,,2,050,"NEVADA CITY HWY","DURBROW ROAD",36.00,W,N,A,-,N,,,,,,,,,,Y,3,0,1,2,A,-,05,21460,A,N,A,C,A,A,H,-,A,D,0,,,,,Y,,A,07,0,1,0,0,0,0,0,0,0,"- ","- ",39.243011474609375,-121.03282165527344,NEVADA,UNINCORPORATED,-121.03279876708984,39.243019104003906
9213063,2021,2021-02-08,2908,2021-01-02,1242,6608,13,6,5,3,2908,0,0,0,,0,,"RT 267","AUTUMN WY",200.00,N,N,B,-,Y,NEV,3,267,-,M,1.590,H,-,W,N,4,0,1,3,A,-,03,22350,,N,C,C,A,A,H,-,A,D,0,,,,,Y,,A,07,0,0,1,0,0,0,0,0,0,"- ","- ",,,NEVADA,TRUCKEE,-120.15541076660156,39.318149566650391
9270138,2021,2021-06-09,2901,2021-05-25,1105,BLA03,23,2,5,2,2901,0,0,0,,0,,"SIERRA COLLEGE DR","EAST MAIN ST",0.00,,Y,A,-,N,,,,,,,,,,N,4,0,3,2,A,-,03,22350,,N,C,C,A,A,H,-,A,A,0,,,,,Y,,A,01,0,0,3,0,0,0,0,0,0,"- ","- ",,,NEVADA,"GRASS VALLEY",-121.04724884033203,39.231288909912109
91634871,2021,2021-11-24,9230,2021-11-11,0620,018098,,4,1,9,2900,0,1,3,,1,061,SR-49,"NISHINAM GULCH RD",1056.00,N,N,A,-,Y,,,49,,,,,,,Y,4,0,2,2,A,-,05,21460,A,N,A,C,A,A,H,-,B,A,0,,,,,Y,,A,01,0,0,2,0,0,0,0,0,0,"- ","- ",39.281421661376953,-121.10175323486328,NEVADA,UNINCORPORATED,-121.10176086425781,39.281421661376953
91656382,2021,2021-12-20,9230,2021-12-15,0855,018691,,3,1,9,2900,0,3,5,,2,030,"WOLF ROAD","MATTHEW LN",800.00,W,N,B,-,N,,,,,,,,,,Y,3,0,1,1,A,-,08,22107,,N,F,A,A,B,H,-,A,D,0,,,,,Y,,A,01,0,1,0,0,0,0,0,0,0,"- ","- ",39.042591094970703,-121.09458160400391,NEVADA,UNINCORPORATED,-121.10277557373047,39.046653747558594
91401826,2021,2022-10-18,9222,2021-01-30,1800,019294,,6,2,9,2900,0,1,1,,2,021,"INTERSTATE 80 E/B","CASTLE PEAK ROAD",88.00,W,N,A,-,Y,,,80,,,,,,E,Y,1,1,1,1,A,-,08,22107,,N,E,I,A,A,H,-,C,D,0,,,,,Y,,A,07,0,1,0,0,0,0,0,0,0,"- ","- ",39.338661193847656,-120.34999847412109,NEVADA,UNINCORPORATED,-120.34996032714844,39.33856201171875