CASE_ID,ACCIDENT_YEAR,PROC_DATE,JURIS,COLLISION_DATE,COLLISION_TIME,OFFICER_ID,REPORTING_DISTRICT,DAY_OF_WEEK,CHP_SHIFT,POPULATION,CNTY_CITY_LOC,SPECIAL_COND,BEAT_TYPE,CHP_BEAT_TYPE,CITY_DIVISION_LAPD,CHP_BEAT_CLASS,BEAT_NUMBER,PRIMARY_RD,SECONDARY_RD,DISTANCE,DIRECTION,INTERSECTION,WEATHER_1,WEATHER_2,STATE_HWY_IND,CALTRANS_COUNTY,CALTRANS_DISTRICT,STATE_ROUTE,ROUTE_SUFFIX,POSTMILE_PREFIX,POSTMILE,LOCATION_TYPE,RAMP_INTERSECTION,SIDE_OF_HWY,TOW_AWAY,COLLISION_SEVERITY,NUMBER_KILLED,NUMBER_INJURED,PARTY_COUNT,PRIMARY_COLL_FACTOR,PCF_CODE_OF_VIOL,PCF_VIOL_CATEGORY,PCF_VIOLATION,PCF_VIOL_SUBSECTION,HIT_AND_RUN,TYPE_OF_COLLISION,MVIW,PED_ACTION,ROAD_SURFACE,ROAD_COND_1,ROAD_COND_2,LIGHTING,CONTROL_DEVICE,CHP_ROAD_TYPE,PEDESTRIAN_ACCIDENT,BICYCLE_ACCIDENT,MOTORCYCLE_ACCIDENT,TRUCK_ACCIDENT,NOT_PRIVATE_PROPERTY,ALCOHOL_INVOLVED,STWD_VEHTYPE_AT_FAULT,CHP_VEHTYPE_AT_FAULT,COUNT_SEVERE_INJ,COUNT_VISIBLE_INJ,COUNT_COMPLAINT_PAIN,COUNT_PED_KILLED,COUNT_PED_INJURED,COUNT_BICYCLIST_KILLED,COUNT_BICYCLIST_INJURED,COUNT_MC_KILLED,COUNT_MC_INJURED,PRIMARY_RAMP,SECONDARY_RAMP,LATITUDE,LONGITUDE,COUNTY,CITY,POINT_X,POINT_Y
91606884,2021,2021-10-26,9222,2021-10-22,0950,014397,,5,1,3,2908,0,1,1,,2,024,"I-80 W/B","HIRSCHDALE RD",2112.00,E,N,B,C,Y,,,,,,,,,,Y,4,0,1,1,A,-,08,22107,,N,E,8,A,B,H,-,A,D,0,,,,Y,Y,,G,25,0,0,1,0,0,0,0,0,0,"- ","- ",39.378761291503906,-120.07212829589844,NEVADA,TRUCKEE,-120.07672119140625,39.382045745849609
91656147,2021,2021-12-20,9230,2021-12-12,2130,018771,,7,2,9,2900,0,3,5,,2,030,"BALL ROAD","PINE CREST DRIVE",55.00,E,N,C,-,N,,,,,,,,,,Y,4,0,1,2,A,-,03,22350,,N,E,I,A,B,H,-,D,D,0,,,,,Y,,D,22,0,0,1,0,0,0,0,0,0,"- ","- ",39.149459838867188,-121.04647064208984,NEVADA,UNINCORPORATED,-121.04692077636719,39.149478912353516
91582433,2021,2021-09-29,9222,2021-09-22,1410,017907,,3,2,9,2900,0,1,1,,2,021,"I-80 W/B","PLACER COUNTY LINE",175.00,E,N,A,-,Y,,,80,,,,,,W,Y,4,0,2,1,A,-,08,22107,,N,F,J,A,A,H,-,A,D,0,,,,,Y,,A,01,0,0,2,0,0,0,0,0,0,"- ","- ",39.316429138183594,-120.43595886230469,NEVADA,UNINCORPORATED,-120.43597412109375,39.316486358642578
9281067,2021,2021-08-02,2908,2021-06-28,1301,6170,13,1,5,3,2908,0,0,0,,0,SIERRA,"PALISADES DR","BROCKWAY RD",105.00,E,N,A,-,N,,,,,,,,,,N,3,0,1,2,A,-,08,22107,,N,G,G,A,A,H,-,A,D,0,,Y,,,Y,,D,22,0,1,0,0,0,0,1,0,0,"- ","- ",,,NEVADA,TRUCKEE,-120.17720794677734,39.326023101806641
91404522,2021,2021-02-08,9222,2021-02-05,1830,016852,,5,2,9,2900,0,1,1,,2,021,"I-80 WESTBOUND (ALAN S. HART FREEWAY)","DONNER PASS RD (I-80 WB SODA SPRINGS)",1267.00,W,N,A,-,Y,,,80,,,,,,W,Y,3,0,1,1,A,-,08,22107,,N,E,I,A,A,H,-,C,D,0,,,,,Y,,D,22,0,1,0,0,0,0,0,0,0,"- ","- ",39.324310302734375,-120.3968505859375,NEVADA,UNINCORPORATED,-120.39684295654297,39.324260711669922
91528552,2021,2021-07-26,9230,2021-05-08,1550,020013,,6,2,9,2900,0,3,5,,2,030,"DOG BAR ROAD (15000 BLOCK)","LORIE DRIVE",1056.00,S,N,A,B,N,,,,,,,,,,Y,1,2,0,1,A,-,08,22107,,N,E,I,A,A,H,-,A,D,0,,,Y,,Y,,C,02,0,0,0,0,0,0,0,2,0,"- ","- ",39.144500732421875,-121.02989959716797,NEVADA,UNINCORPORATED,-121.02922821044922,39.145133972167969
91409025,2021,2021-02-16,9230,2021-02-11,1120,017889,,4,1,9,2900,0,3,5,,2,040,"LOWER COLFAX RD","EAST BROOKVIEW RD",528.00,E,N,B,-,N,,,,,,,,,,Y,4,0,1,1,A,-,08,22107,,N,E,I,A,A,H,-,A,A,0,,,,,Y,,A,01,0,0,1,0,0,0,0,0,0,"- ","- ",39.193359375,-121.01638031005859,NEVADA,UNINCORPORATED,-121.01345825195312,39.192859649658203
91606758,2021,2021-11-03,9222,2021-10-17,2357,018123,,7,3,9,2900,0,1,1,,2,022,"I-80 EASTBOUND","DONNER LAKE RD",9504.00,W,N,D,-,Y,,,80,,,,,,E,N,3,0,5,3,A,-,03,22350,,F,G,1,E,C,H,-,D,A,0,Y,,,Y,Y,,G,25,0,1,4,0,1,0,0,0,0,"- ","- ",39.340728759765625,-120.31169891357422,NEVADA,UNINCORPORATED,-120.31167602539062,39.340763092041016
91531037,2021,2021-07-28,9230,2021-07-27,1600,018459,,2,2,9,2900,0,3,5,,2,030,"DOG BAR ROAD","MT. OLIVE ROAD",1179.00,N,N,A,-,N,,,,,,,,,,Y,3,0,2,1,A,-,08,22107,,N,E,I,A,A,H,-,A,D,0,,,,,Y,,A,01,0,2,0,0,0,0,0,0,0,"- ","- ",39.135589599609375,-121.02004241943359,NEVADA,UNINCORPORATED,-121.02121734619141,39.136962890625
91588329,2021,2021-10-06,9222,2021-09-11,0038,017550,,6,3,3,2908,0,1,1,,2,023,"I-80 E/B","DONNER PASS RD. UNDER CROSSING",1575.00,E,N,A,-,Y,,,80,,,,,,E,Y,1,1,1,2,A,-,01,23152,A,N,A,C,A,A,H,-,D,D,0,,,,,Y,Y,A,07,1,0,0,0,0,0,0,0,0,"- ","- ",39.323760986328125,-120.19817352294922,NEVADA,TRUCKEE,-120.19815063476562,39.323680877685547
91449084,2021,2021-04-13,9230,2021-04-01,1645,018098,,4,2,2,2902,0,1,3,,1,061,"SR-49 S/B","COYOTE ST",0.00,,Y,A,-,Y,,,49,,,,,,S,Y,3,0,3,2,A,-,03,22350,,N,C,C,A,A,H,-,A,D,0,,,,,Y,,A,01,0,1,2,0,0,0,0,0,0,"- ","- ",39.268669128417969,-121.01746368408203,NEVADA,"NEVADA CITY",-121.0174560546875,39.268684387207031
91486277,2021,2021-06-01,9230,2021-05-07,1830,017889,,5,2,9,2900,0,3,5,,2,030,"PEKOLEE DR",SR-49,40.00,E,N,A,-,Y,,,,,,,,,,N,3,0,1,2,A,-,05,21460,A,N,A,C,A,A,H,-,A,A,0,,,,,Y,,D,22,0,1,0,0,0,0,0,0,0,"- ","- ",39.124229431152344,-121.07778167724609,NEVADA,UNINCORPORATED,-121.07798767089844,39.124378204345703
91594468,2021,2021-10-12,9222,2021-10-09,1450,017550,,6,2,3,2908,0,1,1,,2,023,"I-80 W/B","DEPT OF AGRICULTURE INSPECTION STATION",220.00,E,N,A,-,Y,,,80,,,,,,W,N,4,0,1,2,A,-,03,22350,,N,C,C,A,A,H,-,A,A,0,,,,,Y,,D,22,0,0,1,0,0,0,0,0,0,"- ","- ",39.360870361328125,-120.13587188720703,NEVADA,TRUCKEE,-120.13571166992188,39.360324859619141
9382735,2021,2022-01-06,2908,2021-12-03,1030,6634,11,5,5,3,2908,0,0,0,,0,TAHOED,"NORTHWOODS BL","NORTHWOODS BL 11509",169.00,E,N,A,-,N,,,,,,,,,,Y,2,0,2,2,A,-,03,22350,,N,A,C,A,C,H,-,A,D,0,,,,,Y,,A,01,1,1,0,0,0,0,0,0,0,"- ","- ",,,NEVADA,TRUCKEE,,
91523382,2021,2021-07-19,9222,2021-07-11,0001,016576,,7,3,9,2900,0,1,1,,2,024,"INTERSTATE 80 EASTBOUND","HIRSCHDALE ROAD",1584.00,E,N,A,-,Y,,,80,,,,,,E,Y,3,0,1,1,A,-,08,22107,,N,E,I,A,A,H,-,D,D,0,,,,,Y,,D,22,0,1,0,0,0,0,0,0,0,"- ","- ",39.372898101806641,-120.06147766113281,NEVADA,UNINCORPORATED,-120.06148529052734,39.37286376953125
91580356,2021,2021-09-27,9222,2021-09-25,1035,017658,,6,1,9,2900,0,1,1,,2,024,"I-80 EASTBOUND","FLORISTON RD.",7000.00,W,N,A,-,Y,,,80,,,,,,E,Y,3,0,1,2,A,-,07,21658,A,N,C,C,A,A,H,-,A,D,0,,,Y,,Y,,C,02,0,1,0,0,0,0,0,0,1,"- ","- ",39.379348754882812,-120.02313232421875,NEVADA,UNINCORPORATED,-120.02323150634766,39.379432678222656
91591997,2021,2021-10-08,9230,2021-09-25,1135,020425,,6,1,9,2900,0,3,5,,2,040,"GRASS VALLEY AVE","LOMA RICA DR",0.00,,Y,A,-,N,,,,,,,,,,Y,3,0,2,2,A,-,12,22450,A,N,D,C,A,A,H,-,A,A,0,,,,,Y,,A,01,0,2,0,0,0,0,0,0,0,"- ","- ",39.221260070800781,-121.01277923583984,NEVADA,UNINCORPORATED,-121.01256561279297,39.221206665039062
91458601,2021,2021-05-27,9230,2021-04-19,1945,018098,,1,2,9,2900,0,1,3,,2,052,"SR-20 W/B","GOLD FLAT RD",1056.00,W,N,A,-,Y,,,20,,,,,,W,Y,2,0,2,1,C,-,18,,,N,E,8,A,A,H,-,D,D,0,,,,,Y,,-,"- ",2,0,0,0,0,0,0,0,0,"- ","- ",39.245338439941406,-121.02754211425781,NEVADA,UNINCORPORATED,-121.02751922607422,39.245311737060547
91492743,2021,2021-06-09,9222,2021-06-08,0910,017091,,2,1,9,2900,0,1,1,,2,024,"INTERSTATE 80 WESTBOUND","HIRSCHDALE ROAD",8448.00,E,N,A,-,Y,,,80,,,,,,W,N,4,0,1,2,A,-,06,21750,,M,B,C,A,A,H,-,A,D,0,,,,,Y,,D,22,0,0,1,0,0,0,0,0,0,"- ","- ",39.372699737548828,-120.05870056152344,NEVADA,UNINCORPORATED,-120.05869293212891,39.372753143310547
91555376,2021,2021-08-26,9230,2021-08-18,1045,018098,,3,1,9,2900,0,3,5,,2,070,"PLEASANT VALLEY RD","WILDFLOWER DRIVE",0.00,,Y,A,-,N,,,,,,,,,,N,4,0,1,2,A,-,12,22450,A,N,H,G,A,A,H,-,A,A,0,,Y,,,Y,,A,07,0,0,1,0,0,0,1,0,0,"- ","- ",39.238010406494141,-121.21788024902344,NEVADA,UNINCORPORATED,-121.21794128417969,39.237983703613281
91665805,2021,2021-12-29,9222,2021-12-16,0940,015908,,4,1,3,2908,0,1,1,,2,023,"I-80 E/B","HIRSCHDALE RD.",7920.00,W,N,B,-,Y,,,80,,,,,,E,Y,3,0,1,2,A,-,03,22350,,M,C,C,A,C,H,-,A,A,0,,,,,Y,,-,99,0,1,0,0,0,0,0,0,0,"- ","- ",39.370258331298828,-120.11408233642578,NEVADA,TRUCKEE,-120.11406707763672,39.370254516601562
91495955,2021,2021-06-14,9230,2021-06-08,2155,018771,,2,2,9,2900,0,1,3,,1,031,SR-49,"ALTA SIERRA DRIVE",830.00,S,N,A,-,Y,,,49,,,,,,,Y,4,0,1,2,A,-,03,22350,,N,C,2,A,A,D,-,D,A,0,,,Y,,Y,,C,02,0,0,1,0,0,0,0,0,1,"- ","- ",39.137451171875,-121.07169342041016,NEVADA,UNINCORPORATED,-121.07170104980469,39.137451171875
91502631,2021,2021-06-22,9230,2021-06-11,1555,020013,,5,2,9,2900,0,3,5,,2,060,"OAK TREE ROAD","ROBINSON ROAD",40.00,W,N,A,-,N,,,,,,,,,,N,2,0,1,1,A,-,03,22350,,N,F,A,A,A,H,-,A,D,0,,,Y,,Y,,C,02,1,0,0,0,0,0,0,0,1,"- ","- ",39.361438751220703,-121.07772827148438,NEVADA,UNINCORPORATED,-121.07752227783203,39.361454010009766
91665733,2021,2021-12-29,9230,2021-12-12,1544,017539,,7,2,9,2900,0,1,3,,1,031,SR-49,"LITTLE DEER DRIVE",1480.00,N,N,B,C,Y,,,49,,,,,,,Y,2,0,3,2,A,-,21,22106,,N,D,C,A,B,H,-,A,D,0,,,Y,,Y,,C,02,2,0,1,0,0,0,0,0,2,"- ","- ",39.117118835449219,-121.08058929443359,NEVADA,UNINCORPORATED,-121.08057403564453,39.117115020751953
91454949,2021,2021-04-21,9222,2021-04-20,0930,017658,,2,1,9,2900,0,1,1,,2,021,"I-80 EASTBOUND","BOREAL RIDGE RD",60.00,W,N,A,-,Y,,,80,,,,,,E,Y,4,0,1,1,A,-,08,22107,,N,F,A,A,A,H,-,A,D,0,,,,,Y,,A,01,0,0,1,0,0,0,0,0,0,"- ","- ",39.338169097900391,-120.34931182861328,NEVADA,UNINCORPORATED,-120.3494873046875,39.338733673095703
9269003,2021,2021-06-09,2908,2021-05-11,1658,6123,,2,5,3,2908,0,0,0,,0,013,"GLENSHIRE DR","THE STRAND",0.00,,Y,A,-,N,,,,,,,,,,N,3,0,1,2,A,-,12,22450,A,N,B,G,A,A,H,-,A,A,0,,Y,,,Y,,L,04,0,1,0,0,0,0,1,0,0,"- ","- ",,,NEVADA,TRUCKEE,-120.10450744628906,39.352336883544922
91398584,2021,2021-01-29,9230,2021-01-22,1810,016426,,5,2,2,2901,0,1,3,,2,042,"SR-20 W/B","IDAHO MARYLAND ROAD",102.00,E,N,B,-,Y,,,20,,,,,,W,Y,2,0,1,1,A,-,01,23152,A,N,E,I,A,B,H,-,C,D,0,,,,,Y,Y,A,07,1,0,0,0,0,0,0,0,0,"- ","- ",39.222831726074219,-121.0511474609375,NEVADA,"GRASS VALLEY",-121.05104827880859,39.222751617431641
91408294,2021,2021-02-15,9222,2021-02-05,1608,018315,,5,2,9,2900,0,3,5,,2,010,"I-80 (E/B)","FARAD RD.",5280.00,E,N,A,-,Y,,,80,,,,,,,Y,4,0,4,6,A,-,07,21658,A,N,B,C,A,A,H,-,A,D,0,,,,,Y,,A,07,0,0,4,0,0,0,0,0,0,"- ","- ",39.435470581054688,-120.02568817138672,NEVADA,UNINCORPORATED,-120.02572631835938,39.435523986816406
91634918,2021,2021-11-25,9230,2021-11-19,1945,018691,,5,2,9,2900,0,3,5,,2,040,"E. BENNETT RD.","BRUNSWICK RD",1584.00,W,N,B,-,N,,,,,,,,,,Y,3,0,1,1,A,-,08,22107,,N,F,A,A,B,H,-,D,D,0,,,,,Y,Y,A,07,0,1,0,0,0,0,0,0,0,"- ","- ",39.213039398193359,-121.01712799072266,NEVADA,UNINCORPORATED,-121.02210998535156,39.212337493896484
91389354,2021,2021-01-18,9230,2021-01-05,0720,018098,,2,1,9,2900,0,1,3,,1,051,"SR-20 E/B","OVERLOOK ROAD",400.00,W,N,A,-,Y,,,20,,,,,,E,Y,2,0,1,1,A,-,08,22107,,N,E,I,A,C,H,-,B,D,0,,,,,Y,,A,07,1,0,0,0,0,0,0,0,0,"- ","- ",39.314109802246094,-120.75353240966797,NEVADA,UNINCORPORATED,-120.75348663330078,39.314060211181641
91616104,2021,2021-11-04,9230,2021-11-01,1549,020411,,1,2,9,2900,0,1,3,,1,031,SR-49,"BREWER ROAD",1070.00,N,N,B,C,Y,,,49,,,,,,,Y,4,0,1,1,A,-,08,22107,,N,F,A,A,B,H,-,A,D,0,,,,Y,Y,,F,26,0,0,1,0,0,0,0,0,0,"- ","- ",39.061721801757812,-121.08888244628906,NEVADA,UNINCORPORATED,-121.08889007568359,39.061725616455078
91620606,2021,2021-11-09,9230,2021-11-09,0820,018459,,2,1,9,2900,0,1,3,,1,071,SR-20,"CATTLE DRIVE",615.00,E,N,B,C,Y,,,20,,,,,,,Y,3,0,1,1,A,-,03,22350,,N,E,I,A,B,H,-,A,D,0,,,,,Y,,D,22,0,1,0,0,0,0,0,0,0,"- ","- ",39.203208923339844,-121.17948150634766,NEVADA,UNINCORPORATED,-121.17948150634766,39.2032470703125
91505020,2021,2021-06-24,9230,2021-06-22,0102,018771,,2,3,9,2900,0,3,5,,2,030,"MCCOURTNEY ROAD","AUBURN ROAD",1056.00,W,N,A,-,N,,,,,,,,,,Y,4,0,1,1,A,-,03,22350,,N,E,J,A,A,H,-,C,D,0,,,,,Y,,A,01,0,0,1,0,0,0,0,0,0,"- ","- ",39.202701568603516,-121.08154296875,NEVADA,UNINCORPORATED,-121.08062744140625,39.202640533447266
9274478,2021,2021-07-30,2901,2021-06-06,2119,BLA03,22,7,5,2,2901,0,0,0,,0,,"LABARR MEADOWS DR","LABARR MEADOWS DR 900",0.00,,N,A,-,N,,,,,,,,,,Y,3,0,1,1,A,-,07,21658,A,N,A,I,A,A,H,-,D,A,0,,,,,Y,Y,A,01,0,1,0,0,0,0,0,0,0,"- ","- ",,,NEVADA,"GRASS VALLEY",,
91663146,2021,2021-12-28,9230,2021-12-18,0204,019940,,6,3,9,2900,0,3,5,,2,030,"MCCOURTNEY ROAD","ADAIR AVE",62.00,N,N,A,-,N,,,,,,,,,,Y,3,0,1,1,A,-,08,22107,,N,E,I,A,A,H,-,D,D,0,,,,,Y,,A,07,0,1,0,0,0,0,0,0,0,"- ","- ",39.120368957519531,-121.14922332763672,NEVADA,UNINCORPORATED,-121.14900207519531,39.120460510253906
91458013,2021,2021-04-26,9230,2021-04-19,1412,020107,,1,2,9,2900,0,3,5,,2,030,"RAGAN WAY","SUNSET PL",60.00,W,N,A,-,N,,,,,,,,,,Y,3,0,2,2,A,-,08,22107,,N,C,C,A,A,H,-,A,D,0,,,,,Y,,A,07,0,1,1,0,0,0,0,0,0,"- ","- ",39.147121429443359,-121.05050659179688,NEVADA,UNINCORPORATED,-121.05076599121094,39.147010803222656
91503770,2021,2021-06-23,9230,2021-06-19,0159,019940,,6,3,9,2900,0,1,3,,1,071,SR-20,"PONDOROSA WAY",4066.00,W,N,A,-,Y,,,20,,,,,,,Y,3,0,1,2,A,-,01,23152,A,N,B,E,A,A,H,-,D,D,0,,,,,Y,Y,A,07,0,1,0,0,0,0,0,0,0,"- ","- ",39.209018707275391,-121.12090301513672,NEVADA,UNINCORPORATED,-121.12092590332031,39.208919525146484
9339062,2021,2021-10-21,2901,2021-09-22,0730,WHI01,23,3,5,2,2901,0,0,0,,0,,"MALTMAN DR","BRUNSWICK RD",402.00,W,N,A,-,N,,,,,,,,,,N,3,0,1,2,A,-,11,21954,A,N,G,B,E,A,H,-,A,D,0,Y,,,,Y,,N,60,0,1,0,0,1,0,0,0,0,"- ","- ",,,NEVADA,"GRASS VALLEY",-121.03897857666016,39.235237121582031
9368921,2021,2021-12-08,2908,2021-07-20,1720,6617,11,2,5,3,2908,0,0,0,,0,TAHOED,"DAVOS DR","HEIDI WY",488.00,E,N,A,-,N,,,,,,,,,,N,2,0,1,2,A,-,05,21650,1,N,H,A,A,A,H,-,A,D,0,,Y,,,Y,,L,04,1,0,0,0,0,0,1,0,0,"- ","- ",,,NEVADA,TRUCKEE,-120.23794555664062,39.343006134033203
91488524,2021,2021-06-03,9222,2021-05-18,0230,018315,,2,3,9,2900,0,1,1,,2,024,"I-80 (E/B)","HIRSHDALE RD.",10560.00,E,N,A,-,Y,,,80,,,,,,,Y,2,0,1,1,A,-,08,22107,,N,E,I,A,A,D,-,D,D,0,,,,,Y,,A,08,1,0,0,0,0,0,0,0,0,"- ","- ",39.371471405029297,-120.05172729492188,NEVADA,UNINCORPORATED,-120.05174255371094,39.371444702148438
91628215,2021,2021-11-18,9222,2021-11-07,0600,016852,,7,1,9,2900,0,1,1,,2,021,"INTERSTATE 80 [ALAN S. HART FREEWAY] WESTBOUND","I-80 WESTBOUND TO SODA SPRINGS OFFRAMP",3505.00,E,N,A,-,Y,,,80,,,,,,W,Y,2,0,1,1,A,-,08,22107,,N,E,I,A,C,H,-,D,D,0,,,,,Y,,A,01,1,0,0,0,0,0,0,0,0,"- ","- ",39.326740264892578,-120.37763977050781,NEVADA,UNINCORPORATED,-120.37763214111328,39.326644897460938
91631695,2021,2021-11-22,9230,2021-11-19,1645,020411,,5,2,9,2900,0,1,3,,1,031,SR-49,"ALTA SIERRA DRIVE",150.00,N,N,B,C,Y,,,49,,,,,,,N,4,0,2,3,A,-,03,22350,,N,C,C,A,B,H,-,B,A,0,,,,,Y,,A,07,0,0,2,0,0,0,0,0,0,"- ","- ",39.141628265380859,-121.07115173339844,NEVADA,UNINCORPORATED,-121.07106781005859,39.141609191894531
91443040,2021,2021-04-05,9221,2021-04-02,1154,017777,,5,1,9,2900,0,1,1,,2,387,"I-80 E/B","EAGLE LAKES RD",2112.00,W,N,A,-,Y,,,,,,,,,,Y,4,0,1,1,A,-,08,22107,,N,E,I,A,A,H,-,A,D,0,,,,,Y,,A,01,0,0,1,0,0,0,0,0,0,"- ","- ",39.326030731201172,-120.567626953125,NEVADA,UNINCORPORATED,-120.56916046142578,39.323554992675781
91449577,2021,2021-04-13,9230,2021-04-11,2135,020059,,7,2,9,2900,0,3,5,,2,030,"LIME KILN RD.","AMBERLEY LN",75.00,E,N,A,-,N,,,,,,,,,,Y,2,0,1,1,A,-,01,23152,A,N,E,I,A,A,H,-,D,D,0,,,,,Y,Y,D,22,1,0,0,0,0,0,0,0,0,"- ","- ",39.096931457519531,-121.14436340332031,NEVADA,UNINCORPORATED,-121.14438629150391,39.096900939941406
91408407,2021,2021-02-15,9222,2021-02-13,1135,019452,,6,1,3,2908,0,1,1,,2,022,"I-80 W/B","SR-89 SOUTH",10.00,W,N,A,-,Y,,,80,,,,,,W,Y,4,0,2,2,A,-,03,22350,,N,E,I,A,B,H,-,A,D,0,,,,,Y,,A,07,0,0,2,0,0,0,0,0,0,"- ","- ",39.3231201171875,-120.20805358886719,NEVADA,TRUCKEE,-120.20804595947266,39.323192596435547
91413432,2021,2021-02-23,9222,2021-02-12,0745,018123,,5,1,3,2908,0,1,1,,2,022,"I-80 WESTBOUND","DONNER PASS RD (DONNER GATE)",1500.00,E,N,B,-,Y,,,80,,,,,,W,Y,2,0,1,6,A,-,09,21804,A,N,B,C,E,C,H,-,A,D,0,Y,,,Y,Y,,G,25,1,0,0,0,1,0,0,0,0,"- ","- ",39.323829650878906,-120.22045135498047,NEVADA,TRUCKEE,-120.22044372558594,39.323909759521484
91428966,2021,2021-03-17,9230,2021-03-07,1245,017889,,7,1,9,2900,0,3,5,,2,030,"MAGNOLIA RD","QUEEQUOG RD",150.00,W,N,A,-,N,,,,,,,,,,Y,4,0,1,1,A,-,03,22350,,N,E,I,A,A,H,-,A,A,0,,,,,Y,,A,01,0,0,1,0,0,0,0,0,0,"- ","- ",39.050819396972656,-121.03884887695312,NEVADA,UNINCORPORATED,-121.03914642333984,39.051055908203125
91665638,2021,2021-12-29,9230,2021-12-19,0218,019940,,7,3,9,2900,0,3,5,,2,030,"MAGNOLIA RD","KNOLLS DR",2700.00,W,N,B,-,N,,,,,,,,,,Y,3,0,1,1,A,-,01,23152,A,N,E,I,A,A,H,-,D,D,0,,,,,Y,Y,A,01,0,1,0,0,0,0,0,0,0,"- ","- ",39.046859741210938,-121.04920959472656,NEVADA,UNINCORPORATED,-121.04924774169922,39.046916961669922
91425986,2021,2021-03-12,9230,2021-03-10,1605,016426,,3,2,9,2900,0,1,3,,1,041,SR-174,"MEADOW VIEW DR",500.00,E,N,D,-,Y,,,174,,,,,,,Y,4,0,1,2,A,-,03,22350,,N,B,C,A,C,G,-,A,A,0,,,,,Y,,A,07,0,0,1,0,0,0,0,0,0,"- ","- ",39.190879821777344,-120.99217987060547,NEVADA,UNINCORPORATED,-120.99217987060547,39.190879821777344
91452897,2021,2021-04-19,9222,2021-04-09,0610,016576,,5,1,9,2900,0,1,1,,2,023,"INTERSTATE 80 WESTBOUND","HIRSCHDALE ROAD",2640.00,W,N,E,-,Y,,,,,,,,,,Y,3,0,1,2,A,-,01,23152,A,M,C,C,A,A,H,-,D,D,0,,,,,Y,Y,A,01,0,1,0,0,0,0,0,0,0,"- ","- ",39.383598327636719,-120.09194183349609,NEVADA,UNINCORPORATED,-120.08354187011719,39.384140014648438
9344980,2021,2021-11-12,2908,2021-09-24,1457,6170,2908,5,5,3,2908,0,0,0,,0,001,"DONNER PASS RD","SUMMIT DR",0.00,,Y,A,-,N,,,,,,,,,,N,4,0,1,2,A,-,09,21801,A,N,D,C,A,A,H,-,A,D,0,,,,,Y,,-,,0,0,1,0,0,0,0,0,0,"- ","- ",,,NEVADA,TRUCKEE,-120.24278259277344,39.327426910400391
91392089,2021,2021-01-21,9222,2021-01-14,2200,017288,,4,3,3,2908,0,1,1,,2,023,"I-80 WB TO DONNER PASS RD (C. TRUCKEE)","DONNER PASS ROAD",465.00,E,N,A,-,Y,,,80,,,,R,,W,Y,4,0,1,1,A,-,01,23152,A,N,F,A,A,D,H,-,D,D,0,,,,,Y,Y,A,08,0,0,1,0,0,0,0,0,0,"- ","- ",39.326160430908203,-120.19307708740234,NEVADA,TRUCKEE,-120.19307708740234,39.326160430908203