CASE_ID,ACCIDENT_YEAR,PROC_DATE,JURIS,COLLISION_DATE,COLLISION_TIME,OFFICER_ID,REPORTING_DISTRICT,DAY_OF_WEEK,CHP_SHIFT,POPULATION,CNTY_CITY_LOC,SPECIAL_COND,BEAT_TYPE,CHP_BEAT_TYPE,CITY_DIVISION_LAPD,CHP_BEAT_CLASS,BEAT_NUMBER,PRIMARY_RD,SECONDARY_RD,DISTANCE,DIRECTION,INTERSECTION,WEATHER_1,WEATHER_2,STATE_HWY_IND,CALTRANS_COUNTY,CALTRANS_DISTRICT,STATE_ROUTE,ROUTE_SUFFIX,POSTMILE_PREFIX,POSTMILE,LOCATION_TYPE,RAMP_INTERSECTION,SIDE_OF_HWY,TOW_AWAY,COLLISION_SEVERITY,NUMBER_KILLED,NUMBER_INJURED,PARTY_COUNT,PRIMARY_COLL_FACTOR,PCF_CODE_OF_VIOL,PCF_VIOL_CATEGORY,PCF_VIOLATION,PCF_VIOL_SUBSECTION,HIT_AND_RUN,TYPE_OF_COLLISION,MVIW,PED_ACTION,ROAD_SURFACE,ROAD_COND_1,ROAD_COND_2,LIGHTING,CONTROL_DEVICE,CHP_ROAD_TYPE,PEDESTRIAN_ACCIDENT,BICYCLE_ACCIDENT,MOTORCYCLE_ACCIDENT,TRUCK_ACCIDENT,NOT_PRIVATE_PROPERTY,ALCOHOL_INVOLVED,STWD_VEHTYPE_AT_FAULT,CHP_VEHTYPE_AT_FAULT,COUNT_SEVERE_INJ,COUNT_VISIBLE_INJ,COUNT_COMPLAINT_PAIN,COUNT_PED_KILLED,COUNT_PED_INJURED,COUNT_BICYCLIST_KILLED,COUNT_BICYCLIST_INJURED,COUNT_MC_KILLED,COUNT_MC_INJURED,PRIMARY_RAMP,SECONDARY_RAMP,LATITUDE,LONGITUDE,COUNTY,CITY,POINT_X,POINT_Y
91514569,2021,2021-07-07,9230,2021-07-04,1625,020059,,7,2,9,2900,0,1,3,,2,052,"STATE ROUTE 20","CASCI ROAD",443.00,E,N,A,-,Y,,,20,,,,,,,Y,2,0,1,1,A,-,08,22107,,N,E,I,A,A,H,-,A,D,0,,,,,Y,,A,07,1,0,0,0,0,0,0,0,0,"- ","- ",39.319068908691406,-120.88819122314453,NEVADA,UNINCORPORATED,-120.88821411132812,39.319114685058594
91549072,2021,2021-08-19,9230,2021-08-18,1420,018459,,3,2,9,2900,0,3,5,,2,030,"DOG BAR ROAD","GEORGIA WAY",30.00,S,N,A,-,N,,,,,,,,,,Y,3,0,1,1,A,-,08,22107,,N,F,A,A,A,H,-,A,D,0,,,,,Y,,A,01,0,1,0,0,0,0,0,0,0,"- ","- ",39.146778106689453,-121.02741241455078,NEVADA,UNINCORPORATED,-121.02751159667969,39.147377014160156
91568977,2021,2021-09-13,9230,2021-09-01,1710,017539,,3,2,9,2900,0,3,5,,2,030,"LA BARR MEADOWS RD","HOWE AVE",1056.00,N,N,A,-,N,,,,,,,,,,N,2,0,1,1,A,-,01,23152,F,N,F,A,A,A,H,-,A,D,0,,,Y,,Y,,C,02,1,0,0,0,0,0,0,0,1,"- ","- ",39.163490295410156,-121.05609893798828,NEVADA,UNINCORPORATED,-121.05628967285156,39.163368225097656
91431070,2021,2021-03-19,9222,2021-03-10,1055,017658,,3,1,3,2908,0,1,1,,2,023,"I-80 WESTBOUND","STATE ROUTE 89 SOUTH",200.00,E,N,D,-,Y,,,80,,,,,,W,Y,3,0,1,4,A,-,07,21658,A,F,B,C,A,B,H,-,A,D,0,,,,Y,Y,,G,25,0,1,0,0,0,0,0,0,0,"- ","- ",39.323219299316406,-120.20680999755859,NEVADA,TRUCKEE,-120.20680999755859,39.323173522949219
91656968,2021,2021-12-20,9230,2021-12-15,1150,016426,,3,1,9,2900,0,1,3,,1,041,SR174,"HOBART LN",200.00,W,N,B,-,Y,,,174,,,,,,,Y,3,0,1,2,A,-,09,21801,A,N,D,C,A,B,H,-,A,D,0,,,,,Y,,A,07,0,1,0,0,0,0,0,0,0,"- ","- ",39.198699951171875,-121.02423095703125,NEVADA,UNINCORPORATED,-121.02423095703125,39.198699951171875
9254393,2021,2021-05-04,2901,2021-04-02,2225,HER01,23,5,5,2,2901,0,0,0,,0,,"EAST MAIN ST","JOERSCHKE DR",0.00,,Y,A,-,N,,,,,,,,,,N,4,0,1,2,A,-,01,21200,5,N,D,G,A,A,H,-,E,A,0,,Y,,,Y,,L,04,0,0,1,0,0,0,1,0,0,"- ","- ",,,NEVADA,"GRASS VALLEY",-121.04206085205078,39.234329223632812
91476369,2021,2021-05-27,9222,2021-05-12,0800,016576,,3,1,3,2908,0,1,1,,2,022,"INTERSTATE 80 WESTBOUND","VISTA POINT",1056.00,E,N,A,-,Y,,,80,,,,,,W,Y,2,0,2,1,A,-,08,22107,,N,E,I,A,A,H,-,A,D,0,,,,,Y,,A,01,1,1,0,0,0,0,0,0,0,"- ","- ",39.327911376953125,-120.27234649658203,NEVADA,TRUCKEE,-120.27232360839844,39.327793121337891
91582432,2021,2021-09-29,9222,2021-09-18,0052,017270,,6,3,3,2908,0,1,1,,2,023,"I-80 E/B",FARAD,5280.00,E,N,A,-,Y,,,,,,,,,,Y,2,0,1,2,A,-,16,29004,B,N,C,C,A,A,H,-,D,D,0,,,,,Y,,E,22,1,0,0,0,0,0,0,0,0,"- ","- ",39.44219970703125,-120.01329803466797,NEVADA,TRUCKEE,,
91493795,2021,2021-06-10,9222,2021-06-04,0350,017550,,5,3,9,2900,0,1,1,,2,024,"I-80 E/B","HIRSCHDALE RD. OVERCROSSING",860.00,E,N,A,-,Y,,,80,,,,,,E,Y,4,0,1,1,A,-,08,22107,,N,E,I,A,A,D,-,D,A,0,,,,,Y,,-,29,0,0,1,0,0,0,0,0,0,"- ","- ",39.382068634033203,-120.07710266113281,NEVADA,UNINCORPORATED,-120.07710266113281,39.382064819335938
91574175,2021,2021-09-20,9230,2021-09-10,2115,017539,,5,2,9,2900,0,3,5,,2,030,"COMBIE ROAD",SR-49,32.00,W,N,A,-,Y,,,,,,,,,,Y,3,0,4,2,A,-,01,23152,A,F,D,C,A,A,H,-,C,A,0,,,,,Y,Y,A,07,0,2,2,0,0,0,0,0,0,"- ","- ",39.042629241943359,-121.09438323974609,NEVADA,UNINCORPORATED,-121.09461975097656,39.042598724365234
91474852,2021,2021-05-27,9230,2021-05-12,1245,018691,,3,1,9,2900,0,1,3,,1,031,"SR-49 N/B","LA BARR MEADOWS ROAD",450.00,N,N,A,-,Y,,,49,,,,,,N,Y,4,0,2,2,A,-,03,22350,,N,C,C,A,A,H,-,A,D,0,,,,,Y,,A,01,0,0,2,0,0,0,0,0,0,"- ","- ",39.158248901367188,-121.06073760986328,NEVADA,UNINCORPORATED,-121.06080627441406,39.158321380615234
91536534,2021,2021-08-04,9230,2021-07-31,1859,020059,,6,2,9,2900,0,3,5,,2,040,"EAST BENNETT ROAD","EMERALD CT",0.00,,Y,A,-,N,,,,,,,,,,Y,3,0,1,2,A,-,09,21804,A,N,D,C,A,A,H,-,A,D,0,,,,,Y,,A,01,0,1,0,0,0,0,0,0,0,"- ","- ",39.214820861816406,-121.02773284912109,NEVADA,UNINCORPORATED,-121.0277099609375,39.214996337890625
91544782,2021,2021-08-13,9230,2021-08-03,1005,020411,,2,1,9,2900,0,3,5,,2,030,"ALLISON RANCH RD","EMPIRE STAR MINE RD",100.00,S,N,A,-,N,,,,,,,,,,N,4,0,1,2,A,-,21,22106,,N,G,B,E,A,D,-,A,A,0,Y,,,,Y,,A,01,0,0,1,0,1,0,0,0,0,"- ","- ",39.178489685058594,-121.06610870361328,NEVADA,UNINCORPORATED,-121.066162109375,39.178127288818359
91606275,2021,2021-10-26,9230,2021-10-21,0930,018459,,4,1,9,2900,0,1,3,,1,061,SR-49,"NISHINAM GULCH RD",7392.00,N,N,B,C,Y,,,49,,,,,,,Y,3,0,1,1,A,-,03,22350,,N,E,8,A,B,H,-,A,D,0,,,,Y,Y,,G,25,0,1,0,0,0,0,0,0,0,"- ","- ",39.293300628662109,-121.09494781494141,NEVADA,UNINCORPORATED,-121.09494781494141,39.293312072753906
91467089,2021,2021-05-27,9230,2021-04-21,1100,017889,,3,1,9,2900,0,3,5,,2,030,"DOG BAR RD","GEORGIA RD",1584.00,S,N,A,-,N,,,,,,,,,,N,2,0,1,1,C,-,18,,,N,F,A,A,A,H,-,A,A,0,,Y,,,Y,,-,"- ",1,0,0,0,0,0,1,0,0,"- ","- ",39.144168853759766,-121.02604675292969,NEVADA,UNINCORPORATED,-121.02629089355469,39.143547058105469
91422376,2021,2021-03-08,9230,2021-03-05,0520,020059,,5,3,9,2900,0,1,3,,1,061,"STATE ROUTE 49","HERON PL",3100.00,N,N,A,-,Y,,,49,,,,,,,N,2,0,1,2,A,-,11,21954,A,N,G,B,D,A,H,-,D,D,0,Y,,,,Y,,N,60,1,0,0,0,1,0,0,0,0,"- ","- ",39.354698181152344,-121.12256622314453,NEVADA,UNINCORPORATED,-121.12233734130859,39.354621887207031
91512163,2021,2021-07-02,9222,2021-06-21,1030,016852,,1,1,3,2908,0,1,1,,2,023,"IINTERSTATE 80 (ALAN S. HART FREEWAY)","OVERLAND TRAIL UNDERCROSSING E/END",3168.00,E,N,A,-,Y,,,80,,,,,,,N,4,0,3,2,A,-,03,22350,,F,C,C,A,A,H,-,A,D,0,,,,,Y,,A,07,0,0,3,0,0,0,0,0,0,"- ","- ",39.359630584716797,-120.13762664794922,NEVADA,TRUCKEE,-120.13762664794922,39.359607696533203
91578199,2021,2021-09-23,9222,2021-09-11,0036,017550,,6,3,3,2908,0,1,1,,2,023,"I-80 E/B","DONNER PASS RD. U/C",750.00,W,N,A,-,Y,,,80,,,,,,E,Y,2,0,3,2,A,-,01,23152,A,F,B,C,A,A,H,-,D,D,0,,,,,Y,Y,A,07,1,1,1,0,0,0,0,0,0,"- ","- ",39.324420928955078,-120.19541168212891,NEVADA,TRUCKEE,-120.19538879394531,39.324359893798828
91607302,2021,2021-10-27,9230,2021-10-21,1520,017539,,4,2,9,2900,0,3,5,,2,040,"SUNSHINE VALLEY ROAD","OLD STAGECOACH ROAD",800.00,E,N,B,C,N,,,,,,,,,,Y,3,0,1,1,A,-,08,22107,,N,E,I,A,B,H,-,A,D,0,,,,,Y,,D,22,0,1,0,0,0,0,0,0,0,"- ","- ",39.163421630859375,-121.00013732910156,NEVADA,UNINCORPORATED,,
91433456,2021,2021-03-23,9230,2021-03-17,1810,018459,,3,2,9,2900,0,3,5,,2,030,"COMBIE ROAD","TIMBER RIDGE DR",528.00,N,N,B,-,N,,,,,,,,,,Y,3,0,1,1,A,-,03,22350,,N,E,I,A,A,H,-,A,D,0,,,,,Y,,D,22,0,1,0,0,0,0,0,0,0,"- ","- ",39.037281036376953,-121.07843017578125,NEVADA,UNINCORPORATED,-121.07836151123047,39.037254333496094
91454614,2021,2021-05-27,9230,2021-04-16,1500,020411,,5,2,9,2900,0,1,3,,1,061,SR-49,"BREM LANE",4488.00,N,N,A,-,Y,,,49,,,,,,,Y,3,0,1,2,A,-,05,21460,A,N,A,C,A,A,H,-,A,D,0,,,Y,Y,Y,,C,02,0,1,0,0,0,0,0,0,1,"- ","- ",39.383270263671875,-121.09455871582031,NEVADA,UNINCORPORATED,-121.09455108642578,39.383258819580078
91634886,2021,2021-11-24,9230,2021-11-12,0545,018098,,5,3,9,2900,0,1,3,,1,061,"SR-49 N/B","PLEASANT VALLEY RD",750.00,S,N,A,-,Y,,,49,,,,,,N,Y,2,0,1,1,A,-,08,22107,,N,E,I,A,A,H,-,D,D,0,,,,,Y,,A,07,1,0,0,0,0,0,0,0,0,"- ","- ",39.341060638427734,-121.11900329589844,NEVADA,UNINCORPORATED,-121.11901092529297,39.341056823730469
91496389,2021,2021-06-14,9230,2021-06-12,1810,020013,,6,2,9,2900,0,1,3,,1,041,"SR 174 S/B","JEWETT LANE",400.00,S,N,A,-,Y,,,174,,,,,,S,Y,3,0,2,2,A,-,05,21460,A,N,A,C,A,A,H,-,A,D,0,,,,,Y,,A,01,0,2,0,0,0,0,0,0,0,"- ","- ",39.17926025390625,-120.97425079345703,NEVADA,UNINCORPORATED,-120.97440338134766,39.179325103759766
91491860,2021,2021-06-08,9230,2021-06-03,1410,020059,,4,2,2,2901,0,1,3,,2,042,"STATE ROUTE 20","W. EMPIRE ST.",1800.00,E,N,A,-,Y,,,20,,,,,,,N,3,0,1,1,A,-,08,22107,,N,E,I,A,A,H,-,A,D,0,,,,,Y,,A,07,0,1,0,0,0,0,0,0,0,"- ","- ",39.212078094482422,-121.06596374511719,NEVADA,"GRASS VALLEY",-121.06603240966797,39.212146759033203
91523727,2021,2021-07-19,9230,2021-07-13,1400,018691,,2,2,9,2900,0,3,5,,2,030,"WOLF ROAD","CAMERON WAY",1056.00,E,N,A,-,N,,,,,,,,,,Y,4,0,1,1,A,-,08,22107,,N,F,A,A,A,H,-,A,A,0,,,Y,,Y,Y,C,02,0,0,1,0,0,0,0,0,1,"- ","- ",39.042591094970703,-121.09458160400391,NEVADA,UNINCORPORATED,-121.10666656494141,39.050331115722656
91545440,2021,2021-08-16,9230,2021-07-29,1350,017889,,4,1,9,2900,0,1,3,,1,061,SR-49,"INDEPENDENCE TRAIL",2640.00,S,N,A,-,Y,,,49,,,,,,,Y,3,0,1,1,A,-,08,22107,,N,E,I,A,A,H,-,A,A,0,,,,,Y,,A,01,0,1,0,0,0,0,0,0,0,"- ","- ",39.281150817871094,-121.10182189941406,NEVADA,UNINCORPORATED,-121.10174560546875,39.281173706054688
91563888,2021,2021-09-07,9230,2021-08-30,1930,017539,,1,2,9,2900,0,3,5,,2,030,"DOG BAR ROAD","LEITNER DRIVE",210.00,S,N,A,-,N,,,,,,,,,,Y,4,0,1,2,A,-,05,21460,A,N,B,C,A,A,H,-,B,D,0,,,,,Y,,A,01,0,0,1,0,0,0,0,0,0,"- ","- ",39.095951080322266,-120.99958038330078,NEVADA,UNINCORPORATED,-120.99957275390625,39.095874786376953
91429929,2021,2021-03-18,9230,2021-03-15,1510,018459,,1,2,9,2900,0,3,5,,2,030,"ALTA SIERRA DRIVE","BALL ROAD",156.00,W,N,B,-,N,,,,,,,,,,Y,3,0,1,1,A,-,01,23152,A,N,E,I,A,B,H,-,A,D,0,,,,,Y,Y,A,01,0,1,0,0,0,0,0,0,0,"- ","- ",39.145179748535156,-121.06214904785156,NEVADA,UNINCORPORATED,-121.06217956542969,39.145103454589844
91605103,2021,2021-10-25,9230,2021-10-20,1530,017539,,3,2,2,2901,0,1,3,,2,042,"SR-20 W/B FROM BRUNSWICK ROAD","BRUNSWICK ROAD",91.00,W,N,B,C,Y,,,20,,,,R,,W,Y,3,0,1,1,A,-,01,23152,A,N,F,A,A,B,H,-,A,A,0,,,,,Y,Y,A,07,0,1,0,0,0,0,0,0,0,"- ","- ",39.235420227050781,-121.03748321533203,NEVADA,"GRASS VALLEY",-121.03748321533203,39.235420227050781
91449506,2021,2021-04-13,9230,2021-04-05,1015,018691,,1,1,9,2900,0,1,3,,1,071,SR-20,"PENN VALLEY DR",0.00,,Y,A,-,Y,,,20,,,,,,,Y,3,0,2,2,A,-,09,21801,A,N,D,C,A,A,H,-,A,A,0,,,,,Y,,A,01,0,2,0,0,0,0,0,0,0,"- ","- ",39.200359344482422,-121.22257995605469,NEVADA,UNINCORPORATED,-121.22259521484375,39.200309753417969
91502740,2021,2021-06-22,9222,2021-06-18,1738,015913,,5,2,9,2900,0,3,5,,2,020,"STAMPEDE MEADOWS RD.","BOCA REST CAMPGROUND",20.00,S,N,A,-,N,,,,,,,,,,Y,3,0,2,1,A,-,08,22107,,N,E,I,A,A,H,-,A,D,0,,,,,Y,,D,22,0,2,0,0,0,0,0,0,0,"- ","- ",39.419010162353516,-120.08625030517578,NEVADA,UNINCORPORATED,,
91658669,2021,2021-12-22,9230,2021-12-20,1255,018691,,1,1,9,2900,0,1,3,,1,051,SR-20,"VALENCIA RD",528.00,E,N,A,-,Y,,,20,,,,,,,Y,2,0,1,1,A,-,01,23152,A,N,E,I,A,A,H,-,A,D,0,,,,,Y,Y,D,22,1,0,0,0,0,0,0,0,0,"- ","- ",39.323371887207031,-120.87947845458984,NEVADA,UNINCORPORATED,-120.87947845458984,39.323371887207031
91433200,2021,2021-03-23,9230,2021-03-17,1415,018459,,3,2,9,2900,0,1,3,,1,071,SR-20,"EMPIRE ST",566.00,W,N,B,-,Y,,,20,,,,,,,Y,4,0,1,2,A,-,03,22350,,N,C,C,A,A,H,-,A,A,0,,,,,Y,,D,22,0,0,1,0,0,0,0,0,0,"- ","- ",39.209739685058594,-121.06945037841797,NEVADA,UNINCORPORATED,-121.06945037841797,39.209732055664062
91451954,2021,2021-04-16,9230,2021-04-08,0310,018771,,4,3,9,2900,0,3,5,,2,030,"WOLF ROAD","MATTHEW LN",745.00,E,N,A,-,N,,,,,,,,,,Y,4,0,1,1,A,-,08,22107,,N,E,I,A,A,H,-,D,D,0,,,,,Y,,A,01,0,0,1,0,0,0,0,0,0,"- ","- ",39.04534912109375,-121.10237884521484,NEVADA,UNINCORPORATED,-121.10018157958984,39.043087005615234
9278074,2021,2021-07-12,2908,2021-05-20,1627,6543,11,4,5,3,2908,0,0,0,,0,,"ALDER CREEK RD","SCHUSSING WY",575.00,W,N,D,-,N,,,,,,,,,,Y,4,0,1,2,A,-,03,22350,,N,D,C,A,C,H,-,A,D,0,,,,,Y,,A,01,0,0,1,0,0,0,0,0,0,"- ","- ",,,NEVADA,TRUCKEE,-120.209228515625,39.364292144775391
91468770,2021,2021-05-27,9230,2021-04-30,0635,018691,,5,1,9,2900,0,3,5,,2,070,"SLATE CREEK ROAD","DEER PARK DRIVE",500.00,S,N,A,-,N,,,,,,,,,,Y,3,0,1,1,A,-,08,22107,,N,E,I,A,A,H,-,B,D,0,,,,,Y,,A,01,0,1,0,0,0,0,0,0,0,"- ","- ",39.244770050048828,-121.06877136230469,NEVADA,UNINCORPORATED,-121.06807708740234,39.245098114013672
91663135,2021,2021-12-28,9230,2021-12-09,0815,018107,,4,1,9,2900,0,3,5,,2,040,"RED DOG RD","PARK AVE",0.00,,Y,B,C,N,,,,,,,,,,Y,3,0,2,2,A,-,09,21801,B,N,D,C,A,B,H,-,A,D,0,,,,,Y,,A,01,0,1,1,0,0,0,0,0,0,"- ","- ",39.262058258056641,-121.00456237792969,NEVADA,UNINCORPORATED,-121.00438690185547,39.262058258056641
9282792,2021,2021-07-19,2908,2021-06-17,1031,6170,11,4,5,3,2908,0,0,0,,0,CROSSR,"DONNER PASS RD","MEADOW WY",340.00,W,N,A,-,N,,,,,,,,,,N,3,0,1,2,A,-,08,22107,,N,G,G,A,A,H,-,A,D,0,,Y,,,Y,,A,01,0,1,0,0,0,0,1,0,0,"- ","- ",,,NEVADA,TRUCKEE,-120.21176910400391,39.326126098632812
91387731,2021,2021-01-14,9222,2021-01-06,1700,015913,,3,2,3,2908,0,3,5,,2,020,"I-80 EASTBOUND","OVERLAND TRAIL",2640.00,E,N,A,-,Y,,,80,,,,,,E,Y,2,0,1,1,A,-,08,22107,,N,F,A,A,A,H,-,A,D,0,,,,,Y,,A,01,1,0,0,0,0,0,0,0,0,"- ","- ",39.358509063720703,-120.14125823974609,NEVADA,TRUCKEE,-120.14121246337891,39.358413696289062
91413095,2021,2021-02-22,9222,2021-02-14,1844,018315,,7,2,9,2900,0,1,1,,2,024,"I-80 (E/B)","HIRSCHDALE RD.",528.00,E,N,C,-,Y,,,80,,,,,,,Y,3,0,1,2,A,-,03,22350,,F,C,C,A,B,H,-,D,D,0,,,,Y,Y,Y,G,25,0,1,0,0,0,0,0,0,0,"- ","- ",39.383171081542969,-120.07939910888672,NEVADA,UNINCORPORATED,-120.07939147949219,39.383197784423828
9286463,2021,2021-07-22,2908,2021-06-19,1150,6543,13,6,5,3,2908,0,0,0,,0,,"RT 89N","HENNESS RD",840.00,S,N,A,-,Y,NEV,3,89,-,R,0.680,H,-,S,N,4,0,2,2,A,-,03,22350,,N,C,C,A,A,H,-,A,A,0,,,,Y,Y,,F,21,0,0,2,0,0,0,0,0,0,"- ","- ",,,NEVADA,TRUCKEE,-120.17058563232422,39.339267730712891
91506074,2021,2021-06-24,9222,2021-06-16,0610,017091,,3,1,9,2900,0,3,5,,2,020,"STAMPEDE MEADOWS ROAD","BOCA SPRINGS ROAD",5280.00,N,N,A,-,N,,,,,,,,,,Y,2,0,1,1,A,-,08,22107,,N,E,I,A,A,H,-,A,D,0,,,,,Y,,D,23,1,0,0,0,0,0,0,0,0,"- ","- ",39.433319091796875,-120.08412170410156,NEVADA,UNINCORPORATED,-120.08466339111328,39.432224273681641
9350669,2021,2021-11-19,2908,2021-10-15,2005,6594,,5,5,3,2908,0,0,0,,0,013,"SOMERSET DR","GLENSHIRE DR",24.00,E,N,A,-,N,,,,,,,,,,Y,4,0,1,2,A,-,01,23152,A,N,D,C,A,A,H,-,D,D,0,,,,,Y,Y,-,"- ",0,0,1,0,0,0,0,0,0,"- ","- ",,,NEVADA,TRUCKEE,-120.09768676757812,39.351573944091797
91523497,2021,2021-08-09,9230,2021-07-14,2108,020059,,3,2,9,2900,0,3,5,,2,030,"MCCOURTNEY ROAD","PADDOCK LANE",300.00,N,N,A,-,N,,,,,,,,,,Y,2,0,2,2,A,-,03,22350,,N,C,C,A,A,H,-,D,D,0,,,,,Y,Y,D,22,1,1,0,0,0,0,0,0,0,"- ","- ",39.199001312255859,-121.09279632568359,NEVADA,UNINCORPORATED,-121.09279632568359,39.199031829833984
91564051,2021,2021-09-07,9230,2021-09-05,1910,018771,,7,2,9,2900,0,1,3,,1,051,SR-20,"HARMONY RIDGE ROAD",320.00,W,N,A,-,Y,,,20,,,,,,,Y,4,0,1,1,A,-,08,22107,,N,E,I,A,A,H,-,A,D,0,,,,,Y,,A,07,0,0,1,0,0,0,0,0,0,"- ","- ",39.284210205078125,-120.96678161621094,NEVADA,UNINCORPORATED,-120.96673583984375,39.284160614013672
91568616,2021,2021-09-13,9230,2021-08-25,0825,018098,,3,1,9,2900,0,3,5,,2,030,"ALTA SIERRA DR","BALL ROAD",0.00,,Y,A,-,N,,,,,,,,,,N,3,0,1,2,A,-,03,22350,,F,G,B,E,A,H,-,A,D,0,Y,,,,Y,,-,99,0,1,0,0,1,0,0,0,0,"- ","- ",39.145301818847656,-121.06166076660156,NEVADA,UNINCORPORATED,-121.06170654296875,39.145301818847656
91641958,2021,2021-12-03,9230,2021-11-25,2200,020013,,4,3,9,2900,0,3,5,,2,050,"N. BLOOMFIELD ROAD (11000 BLOCK)","BERNARD PLACE",197.00,W,N,A,-,N,,,,,,,,,,Y,3,0,1,1,A,-,01,23152,A,N,E,I,A,A,H,-,D,D,0,,,,,Y,Y,A,01,0,1,0,0,0,0,0,0,0,"- ","- ",39.281280517578125,-121.01220703125,NEVADA,UNINCORPORATED,-121.01221466064453,39.281162261962891
91515745,2021,2021-07-08,9230,2021-07-07,1650,020059,,3,2,2,2902,0,3,5,,2,040,"STATE ROUTE 20","STATE ROUTE 49",0.00,,Y,A,-,Y,,,20,,,,,,,Y,3,0,1,2,A,-,09,21801,A,N,D,C,A,A,H,-,A,A,0,,,,,Y,,A,01,0,1,0,0,0,0,0,0,0,"- ","- ",39.267879486083984,-121.01522064208984,NEVADA,"NEVADA CITY",-121.01519012451172,39.267860412597656
9346302,2021,2021-10-18,2908,2021-08-26,1400,6617,TRUCK,4,5,3,2908,0,0,0,,0,013,"DONNER PASS RD","SPRING ST",315.00,E,N,A,-,N,,,,,,,,,,N,3,0,1,2,A,-,03,22350,,N,-,G,A,A,H,-,A,D,0,,Y,,,Y,,L,04,0,1,0,0,0,0,1,0,0,"- ","- ",,,NEVADA,TRUCKEE,-120.18574523925781,39.327747344970703
91394994,2021,2021-01-27,9230,2021-01-24,2335,015911,,7,3,9,2900,0,1,3,,1,061,"STATE ROUTE 49 (SR 49) NORTHBOUND","READER RANCH ROAD",9.00,N,N,B,C,Y,,,49,,,,,,N,Y,4,0,1,1,A,-,01,23152,A,N,E,I,A,B,H,-,D,D,0,,,,,Y,Y,D,22,0,0,1,0,0,0,0,0,0,"- ","- ",39.306800842285156,-121.1103515625,NEVADA,UNINCORPORATED,-121.11035919189453,39.306797027587891
91743081,2021,2022-04-07,9230,2021-10-16,2040,020411,,6,2,9,2900,0,3,5,,2,060,"STATE ROUTE 20","VALENCIA ROAD",490.00,E,N,A,-,Y,,,20,,,,,,,Y,1,1,0,1,A,-,01,23152,A,N,F,0,A,A,H,-,D,D,0,,,Y,,Y,Y,C,02,0,0,0,0,0,0,0,1,0,"- ","- ",39.323341369628906,-120.88011169433594,NEVADA,UNINCORPORATED,-120.88011169433594,39.323341369628906
91440207,2021,2021-03-31,9222,2021-03-26,1705,019233,,5,2,9,2900,0,1,1,,2,023,"I-80 E/B","OVERLAND TRAIL",10560.00,E,N,A,-,Y,,,80,,,,,,E,Y,3,0,1,2,A,-,07,21658,A,N,B,C,A,A,H,-,A,D,0,,,,,Y,,A,01,0,1,0,0,0,0,0,0,0,"- ","- ",39.366809844970703,-120.11533355712891,NEVADA,UNINCORPORATED,-120.11531066894531,39.366802215576172