CASE_ID,ACCIDENT_YEAR,PROC_DATE,JURIS,COLLISION_DATE,COLLISION_TIME,OFFICER_ID,REPORTING_DISTRICT,DAY_OF_WEEK,CHP_SHIFT,POPULATION,CNTY_CITY_LOC,SPECIAL_COND,BEAT_TYPE,CHP_BEAT_TYPE,CITY_DIVISION_LAPD,CHP_BEAT_CLASS,BEAT_NUMBER,PRIMARY_RD,SECONDARY_RD,DISTANCE,DIRECTION,INTERSECTION,WEATHER_1,WEATHER_2,STATE_HWY_IND,CALTRANS_COUNTY,CALTRANS_DISTRICT,STATE_ROUTE,ROUTE_SUFFIX,POSTMILE_PREFIX,POSTMILE,LOCATION_TYPE,RAMP_INTERSECTION,SIDE_OF_HWY,TOW_AWAY,COLLISION_SEVERITY,NUMBER_KILLED,NUMBER_INJURED,PARTY_COUNT,PRIMARY_COLL_FACTOR,PCF_CODE_OF_VIOL,PCF_VIOL_CATEGORY,PCF_VIOLATION,PCF_VIOL_SUBSECTION,HIT_AND_RUN,TYPE_OF_COLLISION,MVIW,PED_ACTION,ROAD_SURFACE,ROAD_COND_1,ROAD_COND_2,LIGHTING,CONTROL_DEVICE,CHP_ROAD_TYPE,PEDESTRIAN_ACCIDENT,BICYCLE_ACCIDENT,MOTORCYCLE_ACCIDENT,TRUCK_ACCIDENT,NOT_PRIVATE_PROPERTY,ALCOHOL_INVOLVED,STWD_VEHTYPE_AT_FAULT,CHP_VEHTYPE_AT_FAULT,COUNT_SEVERE_INJ,COUNT_VISIBLE_INJ,COUNT_COMPLAINT_PAIN,COUNT_PED_KILLED,COUNT_PED_INJURED,COUNT_BICYCLIST_KILLED,COUNT_BICYCLIST_INJURED,COUNT_MC_KILLED,COUNT_MC_INJURED,PRIMARY_RAMP,SECONDARY_RAMP,LATITUDE,LONGITUDE,COUNTY,CITY,POINT_X,POINT_Y
91512909,2021,2021-07-05,9222,2021-07-01,1215,017091,,4,1,3,2908,0,1,1,,2,023,"INTERSTATE 80 WESTBOUND","HIRSCHDALE ROAD",12144.00,W,N,A,-,Y,,,80,,,,,,W,Y,3,0,1,2,A,-,07,21658,A,M,B,C,A,A,H,-,A,D,0,,,,Y,Y,,G,25,0,1,0,0,0,0,0,0,0,"- ","- ",39.363998413085938,-120.11910247802734,NEVADA,TRUCKEE,-120.11911010742188,39.364044189453125
91523362,2021,2021-07-19,9222,2021-07-17,0600,016576,,6,1,3,2908,0,1,1,,2,022,"INTERSTATE 80 EASTBOUND","DONNER PASS ROAD (DONNER GATE)",55.00,E,N,A,-,Y,,,80,,,,,,E,Y,4,0,4,1,C,-,18,,,N,E,H,A,A,H,-,B,D,0,,,,,Y,,-,"- ",0,0,4,0,0,0,0,0,0,"- ","- ",39.324211120605469,-120.22563934326172,NEVADA,TRUCKEE,-120.22564697265625,39.324169158935547
91553910,2021,2021-08-25,9230,2021-08-20,1528,020411,,5,2,9,2900,0,1,3,,1,051,SR-20,"LAST CHANCE MINE ROAD",5966.00,W,N,A,-,Y,,,20,,,,,,,Y,2,0,1,1,A,-,08,22107,,N,E,I,A,A,H,-,A,D,0,,,,,Y,,A,07,1,0,0,0,0,0,0,0,0,"- ","- ",39.320411682128906,-120.74504852294922,NEVADA,UNINCORPORATED,-120.74503326416016,39.320362091064453
91563889,2021,2021-09-07,9230,2021-09-01,2320,019940,,3,3,9,2900,0,1,3,,1,071,"DIGGINS HILL ROAD","LOWELL HILL RD",1584.00,E,N,A,-,N,,,,,,,,,,Y,3,0,1,1,A,-,08,22107,,N,F,A,A,A,H,-,D,D,0,,,Y,,Y,,C,06,0,1,0,0,0,0,0,0,1,"- ","- ",39.223888397216797,-120.83274841308594,NEVADA,UNINCORPORATED,,
91575314,2021,2021-09-21,9222,2021-09-19,0620,016852,,7,1,9,2900,0,1,1,,2,024,"INTERSTATE 80 (ALAN S. HART FREEWAY) EASTBOUND","EASTBOUND VISTA POINT OFFRAMP",528.00,W,N,C,G,Y,,,80,,,,,,E,Y,4,0,1,1,A,-,08,22107,,N,E,I,A,B,H,-,B,D,0,,,,Y,Y,,G,25,0,0,1,0,0,0,0,0,0,"- ","- ",39.328529357910156,-120.30203247070312,NEVADA,UNINCORPORATED,-120.30202484130859,39.328540802001953
91434925,2021,2021-03-25,9230,2021-03-10,1605,017889,,3,2,9,2900,0,1,3,,1,041,SR-174,"BERTINO RD",300.00,S,N,B,D,Y,,,174,,,,,,,Y,4,0,1,1,A,-,03,22350,,N,E,I,A,C,H,-,A,A,0,,,,,Y,,A,07,0,0,1,0,0,0,0,0,0,"- ","- ",39.173679351806641,-120.97305297851562,NEVADA,UNINCORPORATED,-120.97306823730469,39.173660278320312
91493928,2021,2021-06-10,9230,2021-06-07,2054,018691,,1,2,9,2900,0,1,3,,1,031,SR-49,"TADPOLE CREEK ROAD",75.00,S,N,A,-,Y,,,49,,,,,,,Y,3,0,1,2,A,-,03,22350,,N,C,C,A,A,D,-,D,A,0,,,Y,,Y,,C,02,0,1,0,0,0,0,0,0,1,"- ","- ",39.141078948974609,-121.07118988037109,NEVADA,UNINCORPORATED,-121.07118225097656,39.141078948974609
91585884,2021,2021-10-01,9230,2021-09-27,2235,018771,,1,3,9,2900,0,3,5,,2,030,"COMBIE ROAD","TIMBER RIDGE DRIVE",775.00,S,N,B,C,N,,,,,,,,,,Y,3,0,1,1,A,-,03,22350,,N,E,I,A,B,H,-,D,D,0,,,,,Y,,A,01,0,1,0,0,0,0,0,0,0,"- ","- ",39.034931182861328,-121.07523345947266,NEVADA,UNINCORPORATED,-121.07526397705078,39.034732818603516
91613744,2021,2021-11-02,9230,2021-10-26,1305,018107,,2,1,9,2900,0,3,5,,2,070,"INDIAN SPRINGS RD","PENN VALLEY DRIVE",1130.00,S,N,B,-,N,,,,,,,,,,Y,3,0,1,1,A,-,08,22107,,N,F,A,A,A,H,-,A,A,0,,,,,Y,,A,07,0,1,0,0,0,0,0,0,0,"- ","- ",39.199588775634766,-121.20815277099609,NEVADA,UNINCORPORATED,-121.20824432373047,39.199695587158203
91549004,2021,2021-08-19,9230,2021-08-14,1714,018014,,6,2,9,2900,0,3,5,,2,030,"AUBURN RD","KIWI RD",1005.00,S,N,A,-,N,,,,,,,,,,Y,3,0,3,1,A,-,01,23152,A,N,E,J,A,A,H,-,A,D,0,,,,,Y,Y,A,01,0,3,0,0,0,0,0,0,0,"- ","- ",39.135589599609375,-121.07762908935547,NEVADA,UNINCORPORATED,-121.07700347900391,39.138168334960938
91530889,2021,2021-07-28,9230,2021-07-19,1225,017889,,1,1,9,2900,0,3,5,,2,040,"LOMA RICA DR","EVENING STAR DR",160.00,E,N,A,-,N,,,,,,,,,,N,2,0,1,2,A,-,09,21801,A,N,D,C,A,A,H,-,A,D,0,,,Y,,Y,,A,01,1,0,0,0,0,0,0,0,1,"- ","- ",39.221210479736328,-121.0140380859375,NEVADA,UNINCORPORATED,-121.01383972167969,39.221153259277344
91620084,2021,2021-11-09,9230,2021-10-25,1400,019235,,1,2,2,2902,0,3,5,,2,060,"LAKE CITY ROAD","TYLER FOOTE ROAD",10560.00,S,N,B,-,N,,,,,,,,,,Y,4,0,2,2,D,-,00,,,N,A,C,A,B,H,-,A,D,0,,,,,Y,,-,"- ",0,0,2,0,0,0,0,0,0,"- ","- ",39.368488311767578,-120.96772003173828,NEVADA,"NEVADA CITY",-120.98607635498047,39.376201629638672
91641892,2021,2021-12-06,9230,2021-11-15,0735,018107,,1,1,9,2900,0,1,3,,1,071,SR-20,"SLOPING OAKS ROAD",130.00,W,N,B,-,Y,,,20,,,,,,,Y,2,0,2,3,A,-,05,21460,A,N,B,C,A,A,H,-,A,A,0,,,,,Y,,A,01,1,1,0,0,0,0,0,0,0,"- ","- ",39.208038330078125,-121.25505065917969,NEVADA,UNINCORPORATED,-121.25502014160156,39.207965850830078
91656812,2021,2021-12-20,9230,2021-12-17,0340,020013,,5,3,9,2900,0,3,5,,2,030,"OSCAR DRIVE (16000 BLOCK)","LAWRENCE WAY",528.00,S,N,A,-,N,,,,,,,,,,Y,4,0,1,1,A,-,08,22107,,N,E,I,A,A,H,-,D,D,0,,,,,Y,,A,07,0,0,1,0,0,0,0,0,0,"- ","- ",39.116119384765625,-121.0577392578125,NEVADA,UNINCORPORATED,-121.05762481689453,39.116329193115234
91429280,2021,2021-03-17,9221,2021-01-08,2500,017125,,5,4,9,2900,0,1,1,,2,387,"INTERSTATE 80 EASTBOUND",SR-20,5280.00,E,N,B,-,Y,,,80,,,,,,E,Y,1,1,0,1,A,-,08,22107,,N,E,I,A,A,H,-,D,D,0,,,,,Y,,A,07,0,0,0,0,0,0,0,0,0,"- ","- ",39.330219268798828,-120.58772277832031,NEVADA,UNINCORPORATED,-120.58771514892578,39.330150604248047
91637317,2021,2021-11-29,9230,2021-11-23,1442,020411,,2,2,9,2900,0,3,5,,2,040,"LOMA RICA DR","EVENING STAR DR",590.00,W,N,A,-,N,,,,,,,,,,Y,3,0,1,1,A,-,08,22107,,N,E,I,A,A,H,-,A,D,0,,,,,Y,,A,01,0,1,0,0,0,0,0,0,0,"- ","- ",39.220340728759766,-121.01618194580078,NEVADA,UNINCORPORATED,-121.01611328125,39.220306396484375
91593253,2021,2021-10-11,9230,2021-10-08,2237,020013,,5,3,9,2900,0,3,5,,2,040,"BANNER LAVA CAP ROAD (11000 BLOCK)","RED GATE ROAD",500.00,E,N,A,-,N,,,,,,,,,,Y,3,0,1,1,A,-,08,22107,,N,E,I,A,A,H,-,D,D,0,,,,,Y,,A,01,0,1,0,0,0,0,0,0,0,"- ","- ",39.236831665039062,-121.00710296630859,NEVADA,UNINCORPORATED,-121.00611114501953,39.236377716064453
9296448,2021,2021-09-02,2908,2021-07-13,1814,6608,,2,5,3,2908,0,0,0,,0,013,"BRIDGE ST","WEST RIVER ST",0.00,,Y,A,-,N,,,,,,,,,,N,2,0,1,2,A,-,08,22107,,N,D,G,A,A,H,-,A,D,0,,Y,,,Y,,-,,1,0,0,0,0,0,1,0,0,"- ","- ",,,NEVADA,TRUCKEE,-120.18370819091797,39.327373504638672
91394232,2021,2021-01-26,9230,2021-01-16,1925,018771,,6,2,9,2900,0,3,5,,2,050,"WILLOW VALLEY ROAD","GENASCI RD",1056.00,W,N,A,-,N,,,,,,,,,,Y,3,0,1,1,A,-,01,23152,A,N,E,I,A,A,H,-,D,D,0,,,,,Y,Y,A,01,0,1,0,0,0,0,0,0,0,"- ","- ",39.268260955810547,-121.00208282470703,NEVADA,UNINCORPORATED,-121.00125122070312,39.268283843994141
91535166,2021,2021-08-02,9222,2021-07-24,0230,018315,,6,3,3,2908,0,1,1,,2,022,"I-80 (W/B)",SR-89S,528.00,W,N,A,-,Y,,,80,,,,,,,Y,3,0,1,1,A,-,07,21658,A,N,E,I,A,A,H,-,C,D,0,,,,Y,Y,,F,26,0,1,0,0,0,0,0,0,0,"- ","- ",39.323268890380859,-120.21568298339844,NEVADA,TRUCKEE,-120.21567535400391,39.323310852050781
9295911,2021,2021-08-06,2908,2021-07-01,1121,6141,13,4,5,3,2908,0,0,0,,0,ARPRTT,"RT 267","RT 80",1320.00,S,N,A,-,Y,NEV,3,267,-,M,0.190,H,-,E,Y,4,0,2,2,A,-,08,22107,,N,D,C,A,A,H,-,A,D,0,,,,,Y,,A,01,0,0,2,0,0,0,0,0,0,"- ",SF,,,NEVADA,TRUCKEE,-120.16574859619141,39.336071014404297
91491799,2021,2021-06-08,9230,2021-05-28,1215,018107,,5,1,9,2900,0,1,3,,1,061,SR-49,"OLD DOWNIVILLE HIGHWAY",2640.00,S,N,A,-,Y,,,49,,,,,,,Y,3,0,1,4,A,-,03,22350,,N,C,C,A,A,H,-,A,A,0,,,,,Y,,A,07,0,1,0,0,0,0,0,0,0,"- ","- ",39.266178131103516,-121.04099273681641,NEVADA,UNINCORPORATED,-121.04099273681641,39.266204833984375
91569027,2021,2021-09-13,9230,2021-09-06,1515,020107,,1,2,9,2900,0,3,5,,2,060,"SNOW TENT ROAD","BACK BONE RD",3470.00,E,N,A,-,N,,,,,,,,,,Y,3,0,1,2,A,-,17,21662,A,N,A,C,A,A,H,-,A,D,0,,,,,Y,,D,22,0,1,0,0,0,0,0,0,0,"- ","- ",39.393070220947266,-121.88800048828125,NEVADA,UNINCORPORATED,-120.8885498046875,39.393115997314453
9351941,2021,2021-12-27,2901,2021-11-03,1035,HOO02,21,3,5,2,2901,0,0,0,,0,,"EAST MAIN ST","SCANDLING AV",0.00,,Y,A,-,N,,,,,,,,,,Y,4,0,1,2,A,-,07,21658,A,N,-,C,A,A,H,-,A,A,0,,,Y,,Y,,A,07,0,0,1,0,0,0,0,0,1,"- ","- ",,,NEVADA,"GRASS VALLEY",-121.05393218994141,39.222820281982422
91415497,2021,2021-02-25,9230,2021-02-24,1305,018459,,3,1,9,2900,0,1,3,,1,071,SR-20,"WILD TURKEY LN",265.00,E,N,A,-,Y,,,20,,,,,,,Y,4,0,1,2,A,-,03,22350,,N,C,C,A,A,H,-,A,D,0,,,,,Y,,A,01,0,0,1,0,0,0,0,0,0,"- ","- ",39.204910278320312,-121.26895904541016,NEVADA,UNINCORPORATED,-121.2689208984375,39.204986572265625
91515535,2021,2021-07-08,9230,2021-06-26,1545,020013,,6,2,9,2900,0,1,3,,1,051,"SR-20 E/B","LOS ALTOS LANE",1584.00,W,N,A,-,Y,,,20,,,,,,E,N,3,0,1,2,A,-,06,21760,B,N,C,G,A,A,H,-,A,D,0,,Y,,,Y,,D,22,0,1,0,0,0,0,1,0,0,"- ","- ",39.282741546630859,-120.96958923339844,NEVADA,UNINCORPORATED,-120.96958923339844,39.282768249511719
91572971,2021,2021-09-17,9222,2021-09-11,0425,018515,,6,3,9,2900,0,1,1,,2,023,"HIRSCHDALE RD.","I80 EASTBOUND OFF AT HIRSCHDALE",0.00,,Y,A,-,Y,,,,,,,,,,Y,3,0,1,1,A,-,03,22350,,N,E,I,A,A,H,-,C,D,0,,,,,Y,,M,47,0,1,0,0,0,0,0,0,0,"- ","- ",39.383560180664062,-120.08248138427734,NEVADA,UNINCORPORATED,,
91464071,2021,2021-05-27,9230,2021-04-23,2140,018098,,5,2,9,2900,0,1,3,,1,051,"SR-20 W/B","LAST CHANCE MINE ROAD",528.00,W,N,A,-,Y,,,20,,,,,,W,Y,3,0,1,1,A,-,08,22107,,N,E,I,A,A,H,-,D,D,0,,,,,Y,,D,22,0,1,0,0,0,0,0,0,0,"- ","- ",39.318050384521484,-120.72647857666016,NEVADA,UNINCORPORATED,-120.72649383544922,39.3179931640625
91643876,2021,2021-12-06,9230,2021-12-05,1330,018459,,7,1,9,2900,0,1,3,,1,041,SR-174,"PEARDALE RD",0.00,,Y,A,-,Y,,,174,,,,,,,Y,4,0,2,2,A,-,06,21750,A,N,B,C,A,A,H,-,A,D,0,,,,,Y,,A,01,0,0,2,0,0,0,0,0,0,"- ","- ",39.190738677978516,-120.98387145996094,NEVADA,UNINCORPORATED,-120.98387145996094,39.190731048583984
91589273,2021,2021-10-06,9230,2021-09-28,1845,018771,,2,2,9,2900,0,3,5,,2,030,"COMBIE ROAD","HIGGINS ROAD",90.00,E,N,A,-,N,,,,,,,,,,Y,3,0,1,1,A,-,08,22107,,N,F,A,A,A,H,-,A,D,0,,,,,Y,,A,07,0,1,0,0,0,0,0,0,0,"- ","- ",39.0430908203125,-121.09187316894531,NEVADA,UNINCORPORATED,-121.09186553955078,39.043170928955078
91390688,2021,2021-01-19,9230,2021-01-18,1445,020059,,1,2,9,2900,0,1,3,,1,061,"STATE ROUTE 49","CEMENT HILL RD",4200.00,N,N,A,-,Y,,,49,,,,,,,Y,2,0,2,1,A,-,08,22107,,N,E,I,A,A,H,-,A,D,0,,,,,Y,,A,07,1,1,0,0,0,0,0,0,0,"- ","- ",39.265110015869141,-121.04216003417969,NEVADA,UNINCORPORATED,-121.04243469238281,39.26568603515625
91563878,2021,2021-09-07,9230,2021-08-26,0125,019940,,4,3,2,2901,0,1,3,,2,042,"SR-20 E/B TO BRUNSWICK ROAD","BRUNSWICK RD",120.00,W,N,A,-,Y,,,20,,,,R,,E,Y,2,0,1,1,A,-,01,23152,A,N,E,J,A,A,H,-,C,D,0,,,,,Y,Y,A,01,1,0,0,0,0,0,0,0,0,"- ","- ",39.234340667724609,-121.03569030761719,NEVADA,"GRASS VALLEY",-121.03569030761719,39.234340667724609
91423320,2021,2021-03-09,9230,2021-03-03,0840,018691,,3,1,9,2900,0,1,3,,1,071,SR-20,"BRIGHTON ST",3960.00,W,N,A,-,Y,,,20,,,,,,,Y,3,0,1,2,A,-,09,21801,A,N,D,C,A,A,H,-,A,D,0,,,,,Y,,A,08,0,1,0,0,0,0,0,0,0,"- ","- ",39.267818450927734,-121.01499176025391,NEVADA,UNINCORPORATED,-121.0150146484375,39.267841339111328
91429631,2021,2021-03-17,9222,2021-03-14,1613,019233,,7,2,3,2908,0,1,1,,2,023,"I-80 E/B","HIRSCHDALE RD.",3168.00,W,N,A,-,Y,,,80,,,,,,E,Y,3,0,1,1,A,-,08,22107,,N,E,I,A,A,H,-,A,D,0,,,,,Y,,A,01,0,1,0,0,0,0,0,0,0,"- ","- ",39.382659912109375,-120.09429168701172,NEVADA,TRUCKEE,-120.09428405761719,39.382648468017578
91563006,2021,2021-09-06,9230,2021-08-20,2140,016426,,5,2,9,2900,0,3,5,,2,070,"PENN VALLEY DR","OAK CANYON DRIVE",350.00,E,N,A,-,N,,,,,,,,,,Y,3,0,1,1,A,-,01,23152,F,N,E,I,A,A,H,-,D,D,0,,,,,Y,,A,07,0,1,0,0,0,0,0,0,0,"- ","- ",39.199798583984375,-121.22123718261719,NEVADA,UNINCORPORATED,-121.22172546386719,39.199455261230469
9339061,2021,2022-02-16,2901,2021-09-24,1539,HOO02,23,5,5,2,2901,0,0,0,,0,,"SUTTON WY","SUTTON WY 1165",16.00,N,N,A,-,N,,,,,,,,,,Y,4,0,1,2,A,-,09,21802,A,N,H,C,A,A,H,-,A,A,0,,,,,Y,,A,07,0,0,1,0,0,0,0,0,0,"- ","- ",,,NEVADA,"GRASS VALLEY",,
9396598,2021,2022-02-04,2908,2021-12-30,1745,6179,11,4,5,3,2908,0,0,0,,0,GATEWA,"DONNER PASS RD","VISTA AV",0.00,,Y,A,-,N,,,,,,,,,,Y,4,0,2,3,A,-,09,21801,A,F,A,C,A,C,H,-,D,D,0,,,,,Y,,-,,0,0,2,0,0,0,0,0,0,"- ","- ",,,NEVADA,TRUCKEE,-120.20480346679688,39.326057434082031
9242676,2021,2021-04-16,2908,2021-03-18,0608,6634,13,4,5,3,2908,0,0,0,,0,GLENSH,"GLENSHIRE DR","OLD STATE ROUTE 40",52.00,E,N,A,-,N,,,,,,,,,,Y,3,0,1,1,A,-,03,22350,A,N,E,I,A,A,H,-,D,D,0,,,,,Y,Y,D,22,0,1,0,0,0,0,0,0,0,"- ","- ",,,NEVADA,TRUCKEE,,
91498438,2021,2021-06-16,9230,2021-06-14,0920,018459,,1,1,9,2900,0,1,3,,1,071,SR-20,"SOUTH PONDEROSA WAY",2908.00,W,N,A,-,Y,,,20,,,,,,,Y,4,0,1,1,A,-,01,23152,F,N,E,8,A,A,H,-,A,D,0,,,,,Y,,A,01,0,0,1,0,0,0,0,0,0,"- ","- ",39.207378387451172,-121.11710357666016,NEVADA,UNINCORPORATED,-121.11715698242188,39.207286834716797
91574449,2021,2021-09-20,9230,2021-09-19,0510,020059,,7,3,9,2900,0,3,5,,2,070,"BITNEY SPRINGS RD","NEWTOWN RD",350.00,N,N,B,-,N,,,,,,,,,,Y,3,0,1,1,A,-,08,22107,,N,E,I,A,B,H,-,D,D,0,,,,,Y,Y,A,01,0,1,0,0,0,0,0,0,0,"- ","- ",39.247570037841797,-121.11263275146484,NEVADA,UNINCORPORATED,-121.11279296875,39.247669219970703
91636971,2021,2021-11-29,9230,2021-11-16,1557,017539,,2,2,9,2900,0,3,5,,2,030,"BALL ROAD","STINSON DRIVE",95.00,E,N,A,-,N,,,,,,,,,,Y,3,0,1,1,A,-,08,22107,,N,E,I,A,B,B,-,A,A,0,,,Y,,Y,,C,02,0,1,0,0,0,0,0,0,1,"- ","- ",39.144878387451172,-121.05702209472656,NEVADA,UNINCORPORATED,-121.05706787109375,39.144901275634766
9385486,2021,2022-01-13,2908,2021-12-20,1634,6542,13,1,5,3,2908,0,0,0,,0,,"RT 89","ALDER DR",487.00,S,N,A,-,Y,NEV,3,89,-,R,1.030,H,-,N,Y,4,0,1,2,A,-,05,21650,A,N,A,C,A,C,H,-,B,D,0,,,,,Y,,D,22,0,0,1,0,0,0,0,0,0,"- ","- ",,,NEVADA,TRUCKEE,-120.17304992675781,39.343544006347656
91489046,2021,2021-06-03,9230,2021-05-22,2000,020013,,6,2,9,2900,0,3,5,,2,070,"WILDFLOWER DRIVE","LAKE WILDWOOD DRIVE",300.00,W,N,A,-,N,,,,,,,,,,N,3,0,1,2,B,-,22,,,M,H,H,A,A,H,-,D,D,0,,,,,Y,,A,01,0,1,0,0,0,0,0,0,0,"- ","- ",39.246700286865234,-121.19730377197266,NEVADA,UNINCORPORATED,-121.19738006591797,39.246719360351562
91516711,2021,2021-07-09,9221,2021-07-08,1100,017777,,4,1,9,2900,0,1,1,,2,387,"I-80 EASTBOUND",SR-20,528.00,W,N,A,-,Y,,,80,,,,,,E,Y,3,0,1,1,C,-,18,,,N,E,H,A,A,H,-,A,D,0,,,,,Y,,-,"- ",0,1,0,0,0,0,0,0,0,"- ","- ",39.321319580078125,-120.60517883300781,NEVADA,UNINCORPORATED,-120.60516357421875,39.3212890625
91550113,2021,2021-08-30,9230,2021-08-04,1715,020411,,3,2,9,2900,0,1,3,,1,031,"STATE ROUTE 49","CAMEO DRIVE",579.00,S,N,A,-,Y,,,49,,,,,,,Y,1,1,0,2,A,-,05,21460,A,N,D,2,A,A,H,-,A,D,0,,,Y,,Y,,C,02,0,0,0,0,0,0,0,1,0,"- ","- ",39.047698974609375,-121.09409332275391,NEVADA,UNINCORPORATED,-121.09408569335938,39.047698974609375
91383646,2021,2021-01-07,9230,2021-01-05,1810,016426,,2,2,9,2900,0,1,3,,1,061,SR-49,"TYLER FOOTE RD",6.00,S,N,A,-,Y,,,49,,,,,,,Y,4,0,2,2,A,-,05,21460,A,N,B,C,A,A,H,-,D,D,0,,,,,Y,,A,01,0,0,2,0,0,0,0,0,0,"- ","- ",39.328620910644531,-121.11112976074219,NEVADA,UNINCORPORATED,-121.11113739013672,39.328617095947266
91523721,2021,2021-07-19,9230,2021-07-07,1650,018459,,3,2,9,2900,0,3,5,,2,060,"TYLER FOOTE ROAD","OAK TREE ROAD",1500.00,E,N,A,-,N,,,,,,,,,,Y,3,0,4,2,A,-,01,23152,A,N,A,C,A,A,H,-,A,D,0,,,,,Y,Y,D,22,0,4,0,0,0,0,0,0,0,"- ","- ",39.356899261474609,-121.05879974365234,NEVADA,UNINCORPORATED,-121.06382751464844,39.3543701171875
91534563,2021,2021-08-02,9230,2021-07-22,1520,020107,,4,2,2,2901,0,1,3,,2,042,"SR-20 W/B","S. AUBURN",1330.00,W,N,A,-,Y,,,20,,,,,,W,Y,4,0,3,2,A,-,03,22350,,N,C,C,A,A,H,-,A,D,0,,,,,Y,,A,01,0,0,3,0,0,0,0,0,0,"- ","- ",39.213729858398438,-121.06462860107422,NEVADA,"GRASS VALLEY",-121.06464385986328,39.2137451171875
91483239,2021,2021-05-27,9230,2021-05-09,0540,019940,,7,3,9,2900,0,1,3,,1,061,SR-49,"CEMENT HILL RD",2248.00,N,N,A,-,Y,,,49,,,,,,,Y,1,1,0,1,A,-,08,22107,,N,E,8,A,A,C,-,B,D,0,,,,,Y,,D,22,0,0,0,0,0,0,0,0,0,"- ","- ",39.26641845703125,-121.03572082519531,NEVADA,UNINCORPORATED,-121.03571319580078,39.266384124755859
91626248,2021,2021-11-16,9222,2021-11-09,2132,017515,,2,2,3,2908,0,1,1,,2,023,"INTERSTATE 80 WESTBOUND","EXIT 188 A (DONNER PASS ROAD) OVERCROSSING",2112.00,W,N,B,-,Y,,,80,,,,,,W,Y,4,0,1,1,B,-,22,,,N,E,I,A,B,H,-,D,D,0,,,,,Y,,K,45,0,0,1,0,0,0,0,0,0,"- ","- ",39.333438873291016,-120.182373046875,NEVADA,TRUCKEE,-120.18233489990234,39.333377838134766
91552734,2021,2021-08-24,9230,2021-08-22,0124,020107,,7,3,9,2900,0,1,3,,1,031,SR-49,"LIME KILN RD",0.00,,Y,A,-,Y,,,49,,,,,,,Y,3,0,2,2,A,-,01,23152,A,N,D,C,A,A,H,-,C,A,0,,,,,Y,Y,D,22,0,2,0,0,0,0,0,0,0,"- ","- ",39.112960815429688,-121.08231353759766,NEVADA,UNINCORPORATED,-121.082275390625,39.112945556640625
91577879,2021,2021-09-23,9230,2021-09-23,0010,018771,,4,3,2,2902,0,1,3,,2,052,SR-20,"SACRAMENTO ST",550.00,W,N,A,-,Y,,,20,,,,,,,Y,4,0,1,1,C,-,18,,,N,H,H,A,A,H,-,C,D,0,,,Y,,Y,,-,"- ",0,0,1,0,0,0,0,0,1,"- ","- ",39.257308959960938,-121.01833343505859,NEVADA,"NEVADA CITY",-121.01828765869141,39.257297515869141
91481836,2021,2021-05-27,9230,2021-05-21,1130,018459,,5,1,9,2900,0,1,3,,1,041,SR-174,"BRUNSWICK ROAD",145.00,N,N,A,-,Y,,,174,,,,,,,Y,3,0,1,1,A,-,01,23152,A,N,E,8,A,A,H,-,A,D,0,,,,,Y,Y,A,07,0,1,0,0,0,0,0,0,0,"- ","- ",39.198600769042969,-121.01136779785156,NEVADA,UNINCORPORATED,-121.01140594482422,39.19854736328125