CASE_ID,ACCIDENT_YEAR,PROC_DATE,JURIS,COLLISION_DATE,COLLISION_TIME,OFFICER_ID,REPORTING_DISTRICT,DAY_OF_WEEK,CHP_SHIFT,POPULATION,CNTY_CITY_LOC,SPECIAL_COND,BEAT_TYPE,CHP_BEAT_TYPE,CITY_DIVISION_LAPD,CHP_BEAT_CLASS,BEAT_NUMBER,PRIMARY_RD,SECONDARY_RD,DISTANCE,DIRECTION,INTERSECTION,WEATHER_1,WEATHER_2,STATE_HWY_IND,CALTRANS_COUNTY,CALTRANS_DISTRICT,STATE_ROUTE,ROUTE_SUFFIX,POSTMILE_PREFIX,POSTMILE,LOCATION_TYPE,RAMP_INTERSECTION,SIDE_OF_HWY,TOW_AWAY,COLLISION_SEVERITY,NUMBER_KILLED,NUMBER_INJURED,PARTY_COUNT,PRIMARY_COLL_FACTOR,PCF_CODE_OF_VIOL,PCF_VIOL_CATEGORY,PCF_VIOLATION,PCF_VIOL_SUBSECTION,HIT_AND_RUN,TYPE_OF_COLLISION,MVIW,PED_ACTION,ROAD_SURFACE,ROAD_COND_1,ROAD_COND_2,LIGHTING,CONTROL_DEVICE,CHP_ROAD_TYPE,PEDESTRIAN_ACCIDENT,BICYCLE_ACCIDENT,MOTORCYCLE_ACCIDENT,TRUCK_ACCIDENT,NOT_PRIVATE_PROPERTY,ALCOHOL_INVOLVED,STWD_VEHTYPE_AT_FAULT,CHP_VEHTYPE_AT_FAULT,COUNT_SEVERE_INJ,COUNT_VISIBLE_INJ,COUNT_COMPLAINT_PAIN,COUNT_PED_KILLED,COUNT_PED_INJURED,COUNT_BICYCLIST_KILLED,COUNT_BICYCLIST_INJURED,COUNT_MC_KILLED,COUNT_MC_INJURED,PRIMARY_RAMP,SECONDARY_RAMP,LATITUDE,LONGITUDE,COUNTY,CITY,POINT_X,POINT_Y
91535570,2021,2021-08-03,9230,2021-07-21,1125,017889,,3,1,9,2900,0,1,3,,1,031,SR-49,"ALTA SIERRA DR",528.00,N,N,A,-,Y,,,49,,,,,,,Y,4,0,1,3,A,-,03,22350,,N,C,C,A,A,H,-,A,A,0,,,,,Y,,A,01,0,0,1,0,0,0,0,0,0,"- ","- ",39.142940521240234,-121.07073974609375,NEVADA,UNINCORPORATED,-121.07066345214844,39.142913818359375
9357331,2021,2021-12-06,2908,2021-10-16,1116,6595,,6,5,3,2908,0,0,0,,0,011,"NORTHWOODS BL","HIDDEN CIR",43.00,W,N,A,-,N,,,,,,,,,,N,3,0,1,1,D,-,00,,,N,H,A,A,A,B,-,A,D,0,,Y,,,Y,,-,"- ",0,1,0,0,0,0,1,0,0,"- ","- ",,,NEVADA,TRUCKEE,-120.21598052978516,39.341213226318359
91427119,2021,2021-03-15,9222,2021-03-11,0938,015908,,4,1,9,2900,0,1,1,,2,021,"I-80 E/B","DONNER LAKE RD.",5280.00,W,N,A,-,Y,,,80,,,,,,E,Y,3,0,1,1,C,-,18,,,N,E,I,A,A,H,-,A,D,0,,,,,Y,,-,"- ",0,1,0,0,0,0,0,0,0,"- ","- ",39.334598541259766,-120.30621337890625,NEVADA,UNINCORPORATED,-120.30621337890625,39.334598541259766
9290216,2021,2021-08-24,2908,2021-07-08,1250,6543,11,4,5,3,2908,0,0,0,,0,,"ALDER CREEK RD","FJORD RD",1190.00,E,N,A,-,N,,,,,,,,,,Y,4,0,1,1,A,-,03,22350,,N,E,I,A,A,H,-,A,D,0,,,,,Y,,A,01,0,0,1,0,0,0,0,0,0,"- ","- ",,,NEVADA,TRUCKEE,-120.24555206298828,39.362785339355469
91539918,2021,2021-08-09,9230,2021-07-21,1315,017889,,3,1,9,2900,0,3,5,,2,050,"BANNER LAVA CAP RD","SHORT CIRCLE",100.00,W,N,A,-,N,,,,,,,,,,Y,3,0,1,1,C,-,18,,,N,E,I,A,A,H,-,A,D,0,,,,,Y,Y,-,"- ",0,1,0,0,0,0,0,0,0,"- ","- ",39.247039794921875,-120.95501708984375,NEVADA,UNINCORPORATED,-120.9552001953125,39.246795654296875
91613290,2021,2021-11-02,9230,2021-10-25,1650,020107,,1,2,9,2900,0,1,3,,1,041,SR-174,"CEDAR RIDGE ROAD",256.00,S,N,B,-,Y,,,174,,,,,,,Y,3,0,1,3,A,-,01,23152,A,N,B,2,A,A,H,-,A,D,0,,,,,Y,Y,D,22,0,1,0,0,0,0,0,0,0,"- ","- ",39.199150085449219,-121.01911163330078,NEVADA,UNINCORPORATED,-121.01911163330078,39.199131011962891
91417929,2021,2021-03-01,9230,2021-02-28,1647,020013,,7,2,9,2900,0,1,3,,1,051,"SR-20 E/B","LIVINGSTON DR",100.00,W,N,A,-,Y,,,20,,,,,,E,N,4,0,2,2,A,-,03,22350,,N,C,C,A,A,H,-,A,D,0,,,,,Y,,A,07,0,0,2,0,0,0,0,0,0,"- ","- ",39.278800964355469,-121.00009918212891,NEVADA,UNINCORPORATED,-121.00011444091797,39.278842926025391
91498148,2021,2021-06-16,9230,2021-06-13,0425,019940,,7,3,9,2900,0,1,3,,1,051,"SR-20 W/B","JEFFERSON CREEK RD.",2500.00,E,N,A,-,Y,,,,,,,,,,Y,3,0,1,1,A,-,08,22107,,N,E,I,A,A,H,-,D,D,0,,,,,Y,,D,22,0,1,0,0,0,0,0,0,0,"- ","- ",39.324008941650391,-121.83238220214844,NEVADA,UNINCORPORATED,-120.83208465576172,39.323772430419922
91552732,2021,2021-08-24,9222,2021-08-20,0730,017091,,5,1,9,2900,0,3,5,,2,020,"DONNER PASS ROAD (OLD HIGHWAY 40)","LYTTON LAKE ROAD",531.00,W,N,A,-,N,,,,,,,,,,Y,3,0,1,1,A,-,03,22350,,N,E,I,A,A,B,D,A,A,0,,,,,Y,Y,A,07,0,1,0,0,0,0,0,0,0,"- ","- ",39.317401885986328,-120.35489654541016,NEVADA,UNINCORPORATED,-120.3515625,39.317207336425781
91630794,2021,2021-11-19,9230,2021-11-09,1650,018691,,2,2,9,2900,0,3,5,,2,030,"E. LIME KILN ROAD","RETREAT ROAD",130.00,E,N,B,C,N,,,,,,,,,,Y,3,0,1,1,A,-,08,22107,,N,E,I,A,B,H,-,D,A,0,,,,,Y,,A,01,0,1,0,0,0,0,0,0,0,"- ","- ",39.112808227539062,-121.08155059814453,NEVADA,UNINCORPORATED,-121.08119964599609,39.112720489501953
91449151,2021,2021-04-13,9222,2021-04-10,1605,017550,,6,2,9,2900,0,1,1,,2,024,"I-80 EB",FLORISTON,5280.00,W,N,A,-,Y,,,80,,,,,,E,Y,3,0,1,1,A,-,08,22107,,N,E,I,A,A,H,-,A,D,0,,,Y,,Y,,C,02,0,1,0,0,0,0,0,0,1,"- ","- ",39.381809234619141,-120.02249145507812,NEVADA,UNINCORPORATED,-120.02262878417969,39.381786346435547
91637297,2021,2021-11-29,9230,2021-11-21,1949,018691,,7,2,9,2900,0,1,3,,1,071,SR-20,"CATTLE DRIVE",660.00,E,N,A,-,N,,,20,,,,,,,Y,4,0,1,2,A,-,01,23152,F,N,C,C,A,A,H,-,D,D,0,,,,,Y,,A,01,0,0,1,0,0,0,0,0,0,"- ","- ",39.203281402587891,-121.17662811279297,NEVADA,UNINCORPORATED,-121.17662811279297,39.203273773193359
91519306,2021,2021-07-13,9230,2021-02-25,1845,017539,,4,2,9,2900,0,3,5,,2,030,"LA BARR MEADOWS ROAD","AMSEL WAY",1056.00,S,N,A,-,N,,,,,,,,,,N,2,0,1,2,A,-,06,21760,B,F,H,G,A,A,H,-,D,D,0,,Y,,,Y,,D,22,1,0,0,0,0,0,1,0,0,"- ","- ",39.19036865234375,-121.05065155029297,NEVADA,UNINCORPORATED,-121.05073547363281,39.190185546875
91589653,2021,2021-10-06,9222,2021-09-25,1105,015908,,6,1,9,2900,0,1,1,,2,022,"I-80 E/B","CASTLE PEAK RD.",7920.00,E,N,A,-,Y,,,80,,,,,,E,Y,2,0,2,2,A,-,08,22107,,N,B,C,A,A,H,-,A,D,0,,,Y,,Y,,C,02,2,0,0,0,0,0,0,0,2,"- ","- ",39.342208862304688,-120.32408142089844,NEVADA,UNINCORPORATED,-120.32410430908203,39.342132568359375
91475953,2021,2021-05-27,9230,2021-04-25,2052,020411,,7,2,9,2900,0,3,5,,2,050,"BANNER LAVA CAP ROAD","THOMAS RANCH ROAD",557.00,W,N,B,-,N,,,,,,,,,,Y,1,1,1,1,A,-,01,23152,A,N,E,I,A,B,H,-,D,A,0,,,,,Y,Y,A,07,0,1,0,0,0,0,0,0,0,"- ","- ",39.235908508300781,-121.00399017333984,NEVADA,UNINCORPORATED,-121.00371551513672,39.236045837402344
91446081,2021,2021-04-08,9230,2021-04-01,2144,019940,,4,2,9,2900,0,1,3,,1,051,"SR-20 W/B","PIONEER TRAIL",1004.00,W,N,A,-,Y,,,20,,,,,,W,Y,2,0,1,1,A,-,01,23152,A,N,F,A,A,A,H,-,D,D,0,,,,,Y,Y,D,22,1,0,0,0,0,0,0,0,0,"- ","- ",39.323028564453125,-120.85381317138672,NEVADA,UNINCORPORATED,-120.85381317138672,39.323001861572266
91503785,2021,2021-06-23,9230,2021-06-21,0955,018459,,1,1,9,2900,0,3,5,,2,060,"TYLER FOOTE RD","MURPHY ROAD",693.00,W,N,A,-,N,,,,,,,,,,Y,4,0,1,1,A,-,08,22107,,N,E,I,A,A,H,-,A,D,0,,,,,Y,,A,01,0,0,1,0,0,0,0,0,0,"- ","- ",39.339450836181641,-121.08380126953125,NEVADA,UNINCORPORATED,-121.08377838134766,39.339435577392578
91644399,2021,2021-12-06,9230,2021-12-02,1623,020059,,4,2,9,2900,0,3,5,,2,040,"EAST BENNETT ROAD","EMERALD COURT",10.00,E,N,A,-,N,,,,,,,,,,Y,3,0,1,1,A,-,01,23152,A,N,E,I,A,A,H,-,A,D,0,,,,,Y,Y,A,01,0,1,0,0,0,0,0,0,0,"- ","- ",39.215019226074219,-121.02764129638672,NEVADA,UNINCORPORATED,-121.02767944335938,39.214992523193359
91450308,2021,2021-04-14,9230,2021-04-08,1930,016426,,4,2,9,2900,0,1,3,,1,061,SR-49,"OLD DOWNIEVILLE HWY",1300.00,S,N,A,-,Y,,,49,,,,,,,Y,2,0,1,1,A,-,01,23152,A,N,F,A,A,A,H,-,D,D,0,,,,,Y,Y,A,01,1,0,0,0,0,0,0,0,0,"- ","- ",39.263828277587891,-121.04680633544922,NEVADA,UNINCORPORATED,-121.04681396484375,39.263889312744141
91475264,2021,2021-05-27,9230,2021-05-15,1412,020411,,6,2,9,2900,0,3,5,,2,030,"RAGAN WAY","BALL ROAD",630.00,E,N,B,-,N,,,,,,,,,,Y,3,0,1,1,A,-,08,22107,,N,E,I,A,A,H,-,A,D,0,,,,,Y,,A,07,0,1,0,0,0,0,0,0,0,"- ","- ",39.14495849609375,-121.05397796630859,NEVADA,UNINCORPORATED,-121.053955078125,39.144981384277344
91401626,2021,2021-02-03,9230,2021-01-28,1935,020107,,4,2,9,2900,0,3,5,,2,030,"DOG BAR RD","COLE WAY",185.00,S,N,B,C,N,,,,,,,,,,Y,4,0,3,2,A,-,01,23152,A,N,A,C,A,B,H,-,D,D,0,,,,,Y,Y,A,07,0,0,3,0,0,0,0,0,0,"- ","- ",39.170211791992188,-121.04538726806641,NEVADA,UNINCORPORATED,-121.04537200927734,39.170185089111328
91593184,2021,2021-10-11,9222,2021-10-08,0615,014397,,5,1,9,2900,0,1,1,,2,024,"I-80 W/B","FARAD RD",2640.00,W,N,B,C,Y,,,,,,,,,,Y,3,0,2,3,A,-,03,22350,,N,C,C,A,B,D,-,D,D,0,,,,,Y,,A,07,0,2,0,0,0,0,0,0,0,"- ","- ",38.408870697021484,-120.0272216796875,NEVADA,UNINCORPORATED,,
91656135,2021,2021-12-20,9230,2021-12-10,1350,018107,,5,1,9,2900,0,3,5,,2,070,"ALTA STREET","ALTA HILL MINE ROAD",0.00,,Y,A,-,N,,,,,,,,,,Y,4,0,2,2,A,-,09,21804,A,N,D,C,A,A,H,-,A,D,0,,,,,Y,,A,07,0,0,2,0,0,0,0,0,0,"- ","- ",39.227409362792969,-121.06993865966797,NEVADA,UNINCORPORATED,-121.07195281982422,39.230098724365234
9350921,2021,2021-12-02,2908,2021-09-25,1211,6594,,6,5,3,2908,0,0,0,,0,001,"SKISLOPE WY","HERRINGBONE WY",126.00,W,N,A,-,N,,,,,,,,,,N,2,0,1,1,D,-,00,,,N,F,A,A,A,H,-,A,D,0,,Y,,,Y,,-,"- ",1,0,0,0,0,0,1,0,0,"- ","- ",,,NEVADA,TRUCKEE,-120.23615264892578,39.337512969970703
9363937,2021,2021-12-29,2908,2021-11-16,1145,6170,11,2,5,3,2908,0,0,0,,0,GATEWA,"DONNER TRAIL RD","DONNER PASS RD",262.00,N,N,A,-,N,,,,,,,,,,N,4,0,1,1,-,-,"- ",,,N,H,A,A,A,C,-,A,D,0,,Y,,,Y,,-,"- ",0,0,1,0,0,0,1,0,0,"- ","- ",,,NEVADA,TRUCKEE,-120.21379852294922,39.326835632324219
91494950,2021,2021-06-11,9222,2021-06-05,1630,017550,,6,2,9,2900,0,3,5,,2,020,"BOCA LAKE RD","BOCA RD.",250.00,N,N,A,-,N,,,,,,,,,,Y,3,0,1,1,B,-,22,,,N,F,A,A,A,H,-,A,D,0,,,Y,,Y,,C,06,0,1,0,0,0,0,0,0,1,"- ","- ",39.400428771972656,-120.11264038085938,NEVADA,UNINCORPORATED,-120.10082244873047,39.388179779052734
91608495,2021,2021-10-28,9230,2021-10-22,1428,017539,,5,2,9,2900,0,1,3,,1,051,SR-20,"SCOTTS FLAT ROAD",1950.00,E,N,B,-,Y,,,20,,,,,,,Y,2,0,1,1,A,-,08,22107,,N,E,I,A,B,H,-,A,D,0,,,,,Y,,A,01,1,0,0,0,0,0,0,0,0,"- ","- ",39.2889404296875,-120.93952178955078,NEVADA,UNINCORPORATED,-120.93952178955078,39.288944244384766
91576388,2021,2021-09-22,9230,2021-09-17,1215,018098,,5,1,9,2900,0,1,3,,1,031,"SR-49 N/B","WELLSWOOD WAY",120.00,N,N,A,-,Y,,,49,,,,,,N,N,4,0,2,2,A,-,04,21703,,N,C,C,A,A,H,-,A,D,0,,,,,Y,,A,08,0,0,2,0,0,0,0,0,0,"- ","- ",39.173561096191406,-121.05406188964844,NEVADA,UNINCORPORATED,-121.05405426025391,39.173561096191406
91668413,2021,2022-01-03,9222,2021-12-24,1835,017515,,5,2,3,2908,0,1,1,,2,023,"INTERSTATE 80 WESTBOUND","HIRSCHDALE UNDERCROSSING",920.00,W,N,D,-,Y,,,80,,,,,,W,Y,3,0,1,1,A,-,03,22350,,N,E,I,A,C,H,-,D,D,0,,,,,Y,,A,01,0,1,0,0,0,0,0,0,0,"- ","- ",39.384281158447266,-120.08672332763672,NEVADA,TRUCKEE,-120.08669281005859,39.384006500244141
91528672,2021,2021-07-26,9230,2021-07-12,1300,018107,,1,1,9,2900,0,3,5,,2,060,"GRIZZLY HILL ROAD","TURNAGAIN ARM",3168.00,E,N,A,-,N,,,,,,,,,,N,3,0,1,2,D,-,00,,,N,D,C,A,A,H,-,A,D,0,,,,,Y,,-,"- ",0,1,0,0,0,0,0,0,0,"- ","- ",39.361061096191406,-120.96974945068359,NEVADA,UNINCORPORATED,-120.97052764892578,39.362159729003906
9209444,2021,2021-03-09,2908,2021-01-22,1001,6634,11,5,5,3,2908,0,0,0,,0,DONNER,"DONNER PASS RD","ROBIN LN",6.00,S,N,D,-,N,,,,,,,,,,Y,4,0,1,3,A,-,09,21804,A,N,D,C,A,C,H,-,A,D,0,,,,,Y,,A,07,0,0,1,0,0,0,0,0,0,"- ","- ",,,NEVADA,TRUCKEE,-120.25558471679688,39.329109191894531
91669059,2021,2022-01-04,9222,2021-12-31,0758,014397,,5,1,9,2900,0,1,1,,2,024,"I-80 W/B","FARAD RD",7920.00,E,N,A,-,Y,,,80,,,,,,W,Y,3,0,1,1,A,-,08,22107,,N,F,A,A,B,H,-,A,D,0,,,,,Y,,A,07,0,1,0,0,0,0,0,0,0,"- ","- ",39.440139770507812,-120.01882934570312,NEVADA,UNINCORPORATED,-120.01883697509766,39.440155029296875
91613782,2021,2021-11-02,9230,2021-10-21,1320,014307,,4,1,9,2900,0,3,5,,2,030,"LIME KILN RD","DUGGANS RD.",1320.00,E,N,C,-,N,,,,,,,,,,Y,3,0,1,1,A,-,03,22350,,N,E,I,A,B,H,-,A,D,0,,,,,Y,,A,01,0,1,0,0,0,0,0,0,0,"- ","- ",39.091800689697266,-121.11379241943359,NEVADA,UNINCORPORATED,-121.11383819580078,39.091835021972656
91423435,2021,2021-03-09,9230,2021-03-08,1522,020013,,1,2,9,2900,0,3,5,,2,030,"WOLF ROAD (12000 BLOCK)","SADDLEBACK LN",100.00,E,N,B,-,N,,,,,,,,,,N,4,0,1,1,A,-,03,22350,,N,F,A,A,A,H,-,A,D,0,,,Y,,Y,,C,02,0,0,1,0,0,0,0,0,1,"- ","- ",39.066501617431641,-121.12660217285156,NEVADA,UNINCORPORATED,-121.12853240966797,39.066402435302734
91569137,2021,2021-09-13,9230,2021-09-02,2030,017539,,4,2,2,2902,0,1,3,,1,061,SR-49,"E. BROAD STREET",0.00,,Y,A,-,Y,,,49,,,,,,,Y,4,0,2,2,A,-,17,21451,A,F,D,C,A,A,H,-,C,A,0,,,,,Y,,A,07,0,0,2,0,0,0,0,0,0,"- ","- ",39.269069671630859,-121.02088165283203,NEVADA,"NEVADA CITY",-121.02088165283203,39.269096374511719
91602787,2021,2021-10-21,9222,2021-10-16,2205,017907,,6,3,9,2900,0,3,5,,2,020,"HOBART MILLS RD","OLD RENO RD",4224.00,E,N,A,-,N,,,,,,,,,,Y,2,0,1,1,A,-,01,23152,A,N,E,I,A,A,H,-,D,D,0,,,,,Y,Y,D,22,1,0,0,0,0,0,0,0,0,"- ","- ",39.416698455810547,-120.17919921875,NEVADA,UNINCORPORATED,-120.17976379394531,39.416370391845703
91400727,2021,2021-02-02,9222,2021-01-28,0505,016576,,4,3,9,2900,0,1,1,,2,022,"INTERSTATE 80 EASTBOUND","DONNER PASS ROAD (DONNER GATE)",435.00,W,N,D,-,Y,,,,,,,,,,N,3,0,2,2,A,-,03,22350,,N,B,C,A,C,H,-,D,A,0,,,,,Y,,A,07,0,2,0,0,0,0,0,0,0,"- ","- ",39.324409484863281,-120.22783660888672,NEVADA,UNINCORPORATED,-120.19216918945312,39.325870513916016
91619977,2021,2021-11-09,9230,2021-09-17,1700,017539,,5,2,9,2900,0,2,4,,1,043,"BRUNSWICK ROAD","BRUNSWICK PINES ROAD",224.00,S,N,A,-,N,,,,,,,,,,Y,1,1,4,3,A,-,01,23152,F,N,B,C,A,A,H,-,A,A,0,,,,,Y,,A,08,1,3,0,0,0,0,0,0,0,"- ","- ",39.216678619384766,-121.02030944824219,NEVADA,UNINCORPORATED,-121.02036285400391,39.216812133789062
91650181,2021,2021-12-13,9230,2021-12-08,0251,019940,,3,3,9,2900,0,2,4,,1,043,"BRUNSWICK RD","WOOD ROSE AVE",462.00,N,N,A,-,N,,,,,,,,,,N,4,0,1,1,A,-,01,23152,A,N,E,I,A,B,H,-,D,D,0,,,,,Y,Y,A,07,0,0,1,0,0,0,0,0,0,"- ","- ",39.208099365234375,-121.01335144042969,NEVADA,UNINCORPORATED,-121.01304626464844,39.207687377929688
91468793,2021,2021-05-27,9230,2021-05-03,2150,017889,,1,2,9,2900,0,3,5,,2,050,"YOU BET RD",SR-174,115.00,E,N,A,-,N,,,,,,,,,,Y,4,0,1,1,A,-,03,22350,,N,E,I,A,A,H,-,D,D,0,,,,,Y,,A,01,0,0,1,0,0,0,0,0,0,"- ","- ",39.190330505371094,-120.97669982910156,NEVADA,UNINCORPORATED,-120.97663116455078,39.190315246582031
91648731,2021,2021-12-10,9230,2021-12-06,1510,020059,,1,2,9,2900,0,1,3,,1,041,"STATE ROUTE 174","NOEL LANE",528.00,N,N,C,-,Y,,,174,,,,,,,Y,3,0,1,1,A,-,03,22350,,N,E,I,A,B,H,-,A,D,0,,,,,Y,,A,01,0,1,0,0,0,0,0,0,0,"- ","- ",39.19940185546875,-121.01463317871094,NEVADA,UNINCORPORATED,-121.01463317871094,39.199398040771484
9346485,2021,2021-11-05,2908,2021-09-08,1330,6678,2908,3,5,3,2908,0,0,0,,0,011,"SOUTH SHORE DR","DONNER PASS RD",2.00,,N,A,-,N,,,,,,,,,,N,3,0,1,2,A,-,08,22107,,N,D,G,A,A,H,-,A,D,0,,Y,,,Y,,-,,0,1,0,0,0,0,1,0,0,"- ","- ",,,NEVADA,TRUCKEE,-120.29095458984375,39.323062896728516
91591074,2021,2021-10-07,9222,2021-10-03,2145,018123,,7,2,9,2900,0,1,1,,2,021,"I-80 WESTBOUND","KINGVALE U/C",5550.00,E,N,A,-,Y,,,80,,,,,,W,N,3,0,4,2,A,-,03,22350,,N,C,C,A,A,H,-,D,D,0,,,,,Y,,A,01,0,1,3,0,0,0,0,0,0,"- ","- ",39.319778442382812,-120.4273681640625,NEVADA,UNINCORPORATED,-120.42735290527344,39.319740295410156
91486438,2021,2021-06-01,9230,2021-05-23,2152,019940,,7,2,9,2900,0,3,5,,2,030,"COMBIE RD","FORREST LAKE PLACE",10.00,S,N,A,-,N,,,,,,,,,,Y,3,0,1,1,A,-,01,23152,A,N,E,I,A,A,H,-,D,D,0,,,,,Y,Y,A,07,0,1,0,0,0,0,0,0,0,"- ","- ",39.022731781005859,-121.06060791015625,NEVADA,UNINCORPORATED,-121.06072235107422,39.022727966308594
91523077,2021,2021-07-19,9230,2021-07-05,1150,018107,,1,1,9,2900,0,3,5,,2,040,"BANNER QUAKER HILL ROAD","MOUNTAIN VIEW DRIVE",278.00,E,N,A,-,N,,,,,,,,,,N,3,0,1,1,A,-,08,22107,,N,E,I,A,A,H,-,A,D,0,,,,,Y,,D,22,0,1,0,0,0,0,0,0,0,"- ","- ",39.262260437011719,-120.90583801269531,NEVADA,UNINCORPORATED,-120.90605926513672,39.262298583984375
91640647,2021,2021-12-02,9230,2021-09-26,1239,018691,,7,1,9,2900,0,1,3,,1,031,SR-49,"RINCON WAY",0.00,,Y,A,-,Y,,,49,,,,,,,Y,1,1,2,2,A,-,05,21460,A,N,A,C,A,A,H,-,A,D,0,,,,,Y,,A,01,1,1,0,0,0,0,0,0,0,"- ","- ",39.017780303955078,-121.1007080078125,NEVADA,UNINCORPORATED,-121.10074615478516,39.017799377441406
91650829,2021,2021-12-13,9230,2021-12-08,0810,018691,,3,1,9,2900,0,1,3,,1,061,SR-49,"NISHINAM GULCH RD",750.00,S,N,B,-,Y,,,49,,,,,,,Y,4,0,1,1,A,-,08,22107,,N,E,I,A,B,H,-,A,D,0,,,,,Y,,A,01,0,0,1,0,0,0,0,0,0,"- ","- ",39.279388427734375,-121.09896850585938,NEVADA,UNINCORPORATED,-121.09896087646484,39.279407501220703
91551255,2021,2021-08-23,9230,2021-08-15,1600,018691,,7,2,9,2900,0,3,5,,2,060,"PURDON ROAD","PURDON ACCESS ROAD",2482.00,S,N,A,-,N,,,,,,,,,,Y,3,0,1,1,A,-,01,23152,A,N,F,A,A,A,E,-,A,D,0,,,,,Y,Y,A,01,0,1,0,0,0,0,0,0,0,"- ","- ",39.321979522705078,-121.047607421875,NEVADA,UNINCORPORATED,-121.04765319824219,39.322078704833984
9240371,2021,2021-04-13,2908,2021-03-20,0834,6634,13,6,5,3,2908,0,0,0,,0,GRAYSC,"RT 89","ALDER DR",2506.00,N,N,A,-,Y,NEV,3,89,-,-,1.620,H,-,N,Y,3,0,2,1,A,-,03,22350,A,N,F,I,A,C,H,-,A,D,0,,,,,Y,Y,A,07,0,1,1,0,0,0,0,0,0,"- ","- ",,,NEVADA,TRUCKEE,-120.17266082763672,39.352302551269531
91427343,2021,2021-03-15,9230,2021-03-09,1515,020107,,2,2,9,2900,0,3,5,,2,030,"MCCOURTNEY RD","MCCARTER WAY",20.00,S,N,B,-,N,,,,,,,,,,Y,4,0,1,1,A,-,01,23152,A,N,E,I,A,B,H,-,A,D,0,,,,,Y,Y,A,01,0,0,1,0,0,0,0,0,0,"- ","- ",39.175079345703125,-121.11190795898438,NEVADA,UNINCORPORATED,-121.11179351806641,39.175067901611328
91543834,2021,2021-08-12,9222,2021-08-03,1240,014397,,2,1,9,2900,0,1,3,,1,027,SR-89N,"HOBART MILLS RD",0.00,,Y,A,-,Y,,,89,,,,,,,Y,2,0,2,2,A,-,12,22450,A,N,D,C,A,A,H,-,A,A,0,,,,,Y,,E,22,1,1,0,0,0,0,0,0,0,"- ","- ",39.398429870605469,-120.18795776367188,NEVADA,UNINCORPORATED,-120.18797302246094,39.398422241210938
91492265,2021,2021-06-08,9230,2021-06-05,1710,018691,,6,2,9,2900,0,3,5,,2,030,"WOLF ROAD","GARDEN BAR ROAD",100.00,W,N,A,-,N,,,,,,,,,,Y,4,0,1,2,A,-,05,21460,A,N,B,C,A,A,H,-,A,A,0,,,,,Y,,A,01,0,0,1,0,0,0,0,0,0,"- ","- ",39.065261840820312,-121.13623046875,NEVADA,UNINCORPORATED,-121.13625335693359,39.064979553222656
91577772,2021,2021-09-23,9230,2021-09-11,2015,018771,,6,2,9,2900,0,3,5,,2,070,"PLEASANT VALLEY ROAD","GOLD COUNTRY DRIVE",0.00,,Y,A,-,N,,,,,,,,,,Y,2,0,1,2,A,-,09,21802,A,F,D,C,A,A,H,-,D,A,0,,,,,Y,Y,D,22,1,0,0,0,0,0,0,0,0,"- ","- ",39.245719909667969,-121.21427917480469,NEVADA,UNINCORPORATED,-121.21405792236328,39.245857238769531