CASE_ID,ACCIDENT_YEAR,PROC_DATE,JURIS,COLLISION_DATE,COLLISION_TIME,OFFICER_ID,REPORTING_DISTRICT,DAY_OF_WEEK,CHP_SHIFT,POPULATION,CNTY_CITY_LOC,SPECIAL_COND,BEAT_TYPE,CHP_BEAT_TYPE,CITY_DIVISION_LAPD,CHP_BEAT_CLASS,BEAT_NUMBER,PRIMARY_RD,SECONDARY_RD,DISTANCE,DIRECTION,INTERSECTION,WEATHER_1,WEATHER_2,STATE_HWY_IND,CALTRANS_COUNTY,CALTRANS_DISTRICT,STATE_ROUTE,ROUTE_SUFFIX,POSTMILE_PREFIX,POSTMILE,LOCATION_TYPE,RAMP_INTERSECTION,SIDE_OF_HWY,TOW_AWAY,COLLISION_SEVERITY,NUMBER_KILLED,NUMBER_INJURED,PARTY_COUNT,PRIMARY_COLL_FACTOR,PCF_CODE_OF_VIOL,PCF_VIOL_CATEGORY,PCF_VIOLATION,PCF_VIOL_SUBSECTION,HIT_AND_RUN,TYPE_OF_COLLISION,MVIW,PED_ACTION,ROAD_SURFACE,ROAD_COND_1,ROAD_COND_2,LIGHTING,CONTROL_DEVICE,CHP_ROAD_TYPE,PEDESTRIAN_ACCIDENT,BICYCLE_ACCIDENT,MOTORCYCLE_ACCIDENT,TRUCK_ACCIDENT,NOT_PRIVATE_PROPERTY,ALCOHOL_INVOLVED,STWD_VEHTYPE_AT_FAULT,CHP_VEHTYPE_AT_FAULT,COUNT_SEVERE_INJ,COUNT_VISIBLE_INJ,COUNT_COMPLAINT_PAIN,COUNT_PED_KILLED,COUNT_PED_INJURED,COUNT_BICYCLIST_KILLED,COUNT_BICYCLIST_INJURED,COUNT_MC_KILLED,COUNT_MC_INJURED,PRIMARY_RAMP,SECONDARY_RAMP,LATITUDE,LONGITUDE,COUNTY,CITY,POINT_X,POINT_Y
91388727,2021,2021-01-18,9230,2021-01-02,1325,017889,,6,1,9,2900,0,1,3,,1,031,SR-49,"LIME KILN RD",8.00,N,N,B,-,Y,,,49,,,,,,,Y,4,0,1,2,A,-,03,22350,,N,C,C,A,B,H,-,A,A,0,,,,,Y,,A,01,0,0,1,0,0,0,0,0,0,"- ","- ",39.113128662109375,-121.08228302001953,NEVADA,UNINCORPORATED,-121.08221435546875,39.113105773925781
91430847,2021,2021-03-19,9230,2021-03-12,1718,016426,,5,2,9,2900,0,3,5,,2,070,"INDIAN SPRINGS ROAD","LONG VALLEY ROAD",800.00,E,N,A,-,N,,,,,,,,,,Y,3,0,1,1,A,-,08,22107,,N,F,A,A,A,H,-,A,D,0,,,,,Y,,A,07,0,1,0,0,0,0,0,0,0,"- ","- ",39.164710998535156,-121.13694000244141,NEVADA,UNINCORPORATED,-121.13924407958984,39.164470672607422
91541547,2021,2021-08-10,9222,2021-07-29,1525,015913,,4,2,2,2902,0,1,1,,2,022,"I-80 EASTBOUND","DONNER LAKE ROAD",10560.00,W,N,C,-,Y,,,,,,,,,,Y,3,0,1,1,A,-,03,22350,,N,F,A,A,B,H,-,A,D,0,,,,Y,Y,,G,25,0,1,0,0,0,0,0,0,0,"- ","- ",39.340671539306641,-120.31664276123047,NEVADA,"NEVADA CITY",-120.31463623046875,39.341831207275391
91524233,2021,2021-07-20,9230,2021-07-13,1655,018691,,2,2,9,2900,0,1,3,,1,031,SR-49,"ALTA SIERRA DRIVE",500.00,N,N,A,-,Y,,,49,,,,,,,N,4,0,2,2,A,-,21,22106,,N,C,C,A,A,H,-,A,A,0,,,,,Y,,A,01,0,0,2,0,0,0,0,0,0,"- ","- ",39.141078948974609,-121.07118988037109,NEVADA,UNINCORPORATED,-121.07118225097656,39.141078948974609
91449491,2021,2021-04-13,9230,2021-04-09,2500,018459,,5,4,9,2900,0,3,5,,2,040,"YOU BET ROAD","FIFIELD RD",2570.00,E,N,A,-,N,,,,,,,,,,Y,2,0,1,1,A,-,08,22107,,N,E,I,A,A,H,-,D,D,0,,,,,Y,,D,22,1,0,0,0,0,0,0,0,0,"- ","- ",39.187290191650391,-120.94026184082031,NEVADA,UNINCORPORATED,-120.94174957275391,39.187431335449219
91409307,2021,2021-02-16,9222,2021-02-15,0635,019233,,1,1,9,2900,0,1,1,,2,021,"I-80 E/B","DONNER PASS RD (SODA SPRINGS)",3696.00,W,N,D,-,Y,,,80,,,,,,E,Y,4,0,1,1,A,-,03,22350,,N,E,I,A,C,H,-,B,A,0,,,,,Y,,A,07,0,0,1,0,0,0,0,0,0,"- ","- ",39.323738098144531,-120.41246795654297,NEVADA,UNINCORPORATED,-120.4124755859375,39.323707580566406
91523730,2021,2021-07-19,9230,2021-07-14,1800,018691,,3,2,9,2900,0,3,5,,2,030,"NORLENE WAY","AIRPORT AVE",210.00,N,N,A,-,N,,,,,,,,,,Y,3,0,1,1,A,-,01,23152,A,N,E,I,A,A,H,-,A,D,0,,,,,Y,Y,D,22,0,1,0,0,0,0,0,0,0,"- ","- ",39.113819122314453,-121.05548858642578,NEVADA,UNINCORPORATED,-121.05523681640625,39.114337921142578
91666354,2021,2021-12-30,9230,2021-11-07,0855,018107,,7,1,9,2900,0,1,3,,2,052,"STATE ROUTE 20","CONSERVATION ROAD",2025.00,E,N,A,-,Y,,,20,,,,,,,Y,1,1,0,1,A,-,08,22107,,N,E,8,A,B,H,-,A,D,0,,,,,Y,,A,01,0,0,0,0,0,0,0,0,0,"- ","- ",39.313339233398438,-120.90534973144531,NEVADA,UNINCORPORATED,-120.90534973144531,39.313339233398438
91593269,2021,2021-10-11,9230,2021-10-09,2338,020059,,6,3,9,2900,0,3,5,,2,030,"INDIAN SPRINGS RD","PILOT PEAK LN.",528.00,E,N,A,-,N,,,,,,,,,,Y,2,0,1,1,A,-,01,23152,A,N,F,A,A,A,H,-,D,D,0,,,,,Y,Y,D,22,1,0,0,0,0,0,0,0,0,"- ","- ",39.175678253173828,-121.18164825439453,NEVADA,UNINCORPORATED,-121.18225860595703,39.175937652587891
91407578,2021,2021-02-12,9230,2021-02-06,2015,017539,,6,2,9,2900,0,3,5,,2,030,"KAREN DRIVE","ALEXANDRA WAY",109.00,S,N,A,-,N,,,,,,,,,,Y,3,0,1,1,A,-,01,23152,A,N,E,I,A,A,H,-,D,D,0,,,,,Y,Y,D,22,0,1,0,0,0,0,0,0,0,"- ","- ",39.108528137207031,-121.06717681884766,NEVADA,UNINCORPORATED,-121.07002258300781,39.1072998046875
91413398,2021,2021-02-23,9230,2021-02-17,0625,018771,,3,1,9,2900,0,3,5,,2,060,"PLEASANT VALLEY RD",SR-49,1320.00,W,N,A,-,N,,,,,,,,,,Y,4,0,1,3,A,-,09,21804,A,N,D,C,A,A,H,-,B,A,0,,,,,Y,,D,22,0,0,1,0,0,0,0,0,0,"- ","- ",39.341499328613281,-121.13089752197266,NEVADA,UNINCORPORATED,-121.12486267089844,39.343082427978516
91383684,2021,2021-01-07,9230,2021-01-04,1632,016426,,1,2,9,2900,0,1,3,,1,071,SR-20,"WILD TURKEY LANE",675.00,E,N,B,-,Y,,,20,,,,,,,Y,2,0,2,1,A,-,08,22107,,N,F,A,A,B,H,-,A,D,0,,,,,Y,,A,07,1,0,1,0,0,0,0,0,0,"- ","- ",39.204410552978516,-121.26764678955078,NEVADA,UNINCORPORATED,-121.26767730712891,39.204353332519531
91386591,2021,2021-01-13,9230,2021-01-09,2228,019940,,6,3,9,2900,0,1,3,,1,061,SR-49,"CROOKED ARROW LN",51.00,S,N,B,-,Y,,,49,,,,,,,Y,3,0,2,1,A,-,01,23152,A,N,E,I,A,B,H,-,D,D,0,,,,,Y,Y,A,01,0,2,0,0,0,0,0,0,0,"- ","- ",39.272361755371094,-121.06475067138672,NEVADA,UNINCORPORATED,-121.06473541259766,39.272300720214844
91399879,2021,2021-02-01,9230,2021-01-23,1855,017539,,6,2,9,2900,0,1,3,,1,071,SR-20,"BRIGHTON STREET O/C",1656.00,W,N,A,-,Y,,,20,,,,,,,Y,2,0,3,2,A,-,01,23152,A,N,D,C,A,A,H,-,D,A,0,,,,,Y,Y,A,01,2,1,0,0,0,0,0,0,0,"- ","- ",39.208770751953125,-121.081787109375,NEVADA,UNINCORPORATED,-121.081787109375,39.208759307861328
91401720,2021,2021-02-03,9230,2021-01-31,0318,019940,,7,3,9,2900,0,3,5,,2,070,"BITNEY SPRINGS RD","SLEEPY HOLLOW WAY",587.00,N,N,B,-,N,,,,,,,,,,Y,4,0,1,1,A,-,01,23152,A,N,E,I,A,B,H,-,D,D,0,,,,,Y,Y,A,07,0,0,1,0,0,0,0,0,0,"- ","- ",39.244548797607422,-121.10739898681641,NEVADA,UNINCORPORATED,-121.10749053955078,39.244342803955078
91407442,2021,2021-02-12,9230,2021-02-03,1635,016426,,3,2,9,2900,0,3,5,,2,070,"PLEASANT VALLEY RD","BRANDING IRON ROAD",0.00,,Y,B,-,N,,,,,,,,,,Y,4,0,1,3,A,-,03,22350,,N,D,C,A,A,H,-,A,A,0,,,,,Y,,A,07,0,0,1,0,0,0,0,0,0,"- ","- ",39.206680297851562,-121.20484924316406,NEVADA,UNINCORPORATED,-121.20487213134766,39.206680297851562
91428048,2021,2021-03-16,9230,2021-03-10,0740,018691,,3,1,9,2900,0,3,5,,2,040,"GREENHORN ACCESS ROAD",SR-174,5280.00,E,N,D,-,N,,,,,,,,,,Y,3,0,1,1,A,-,03,22350,,N,E,I,A,C,G,-,A,A,0,,,,,Y,,A,01,0,1,0,0,0,0,0,0,0,"- ","- ",39.175998687744141,-120.97544097900391,NEVADA,UNINCORPORATED,-120.95937347412109,39.170547485351562
91441256,2021,2021-04-01,9230,2021-03-26,0240,020107,,5,3,9,2900,0,3,5,,2,060,"N. BLOOMFIELD ROAD","HONEYSUCKLE WAY",1100.00,S,N,A,-,N,,,,,,,,,,Y,4,0,1,1,A,-,08,22107,,N,E,I,A,A,H,-,D,D,0,,,,,Y,,A,01,0,0,1,0,0,0,0,0,0,"- ","- ",39.283401489257812,-121.01016235351562,NEVADA,UNINCORPORATED,-121.00868225097656,39.283878326416016
91455075,2021,2021-04-21,9230,2021-04-15,1825,020107,,4,2,9,2900,0,1,3,,1,031,SR-49,"BREWER RD",0.00,,Y,A,-,Y,,,49,,,,,,,Y,4,0,1,2,A,-,09,21802,A,N,D,C,A,A,H,-,A,A,0,,,,,Y,,A,01,0,0,1,0,0,0,0,0,0,"- ","- ",39.058868408203125,-121.08992004394531,NEVADA,UNINCORPORATED,-121.08999633789062,39.058910369873047
91460150,2021,2021-05-27,9230,2021-04-23,1938,020411,,5,2,9,2900,0,3,5,,2,030,"DOG BAR RD","OTTING CT",300.00,N,N,B,-,N,,,,,,,,,,Y,3,0,1,1,A,-,08,22107,,N,E,I,A,A,H,-,B,D,0,,,,,Y,,A,01,0,1,0,0,0,0,0,0,0,"- ","- ",39.153530120849609,-121.03891754150391,NEVADA,UNINCORPORATED,-121.03929138183594,39.154254913330078
91468774,2021,2021-05-27,9230,2021-05-02,0436,019940,,7,3,9,2900,0,1,3,,1,051,SR-20,"CONSERVATION ROAD",3177.00,E,N,A,-,Y,,,,,,,,,,Y,3,0,1,1,A,-,08,22107,,N,E,8,A,A,H,-,D,A,0,,,,,Y,,D,22,0,1,0,0,0,0,0,0,0,"- ","- ",39.313480377197266,-121.90496826171875,NEVADA,UNINCORPORATED,-120.90116882324219,39.313930511474609
91479675,2021,2021-05-27,9230,2021-05-16,1825,020013,,7,2,9,2900,0,3,5,,2,060,"SR-49 N/B","YUBA RIVER",2112.00,S,N,A,-,Y,,,49,,,,,,N,Y,3,0,1,1,A,-,01,23152,A,N,E,I,A,A,H,-,A,D,0,,,,,Y,Y,A,07,0,1,0,0,0,0,0,0,0,"- ","- ",39.292900085449219,-121.09470367431641,NEVADA,UNINCORPORATED,-121.09468841552734,39.293308258056641
91480733,2021,2021-05-27,9222,2021-05-21,0700,019233,,5,1,9,2900,0,1,3,,1,027,"SR-89 NORTH","KLONDIKE FLAT RD.",430.00,N,N,B,-,Y,,,89,,,,,,,Y,4,0,1,1,A,-,08,22107,,N,F,A,A,B,H,-,A,D,0,,,,,Y,,D,22,0,0,1,0,0,0,0,0,0,"- ","- ",39.395401000976562,-120.18682098388672,NEVADA,UNINCORPORATED,-120.18688201904297,39.395378112792969
91486258,2021,2021-06-01,9230,2021-05-13,1630,017889,,4,2,9,2900,0,3,5,,2,030,"ALLISON RANCH RD","NORTH STAR MINE RD",2640.00,S,N,A,-,N,,,,,,,,,,Y,3,0,1,1,A,-,03,22350,,N,E,I,A,A,H,-,A,A,0,,,Y,,Y,,C,02,0,1,0,0,0,0,0,0,1,"- ","- ",39.196781158447266,-121.06803894042969,NEVADA,UNINCORPORATED,-121.06777191162109,39.197593688964844
91501510,2021,2021-06-21,9222,2021-06-14,0920,015908,,1,1,9,2900,0,1,1,,2,022,"I-80 W/B","DONNER LAKE RD.",10560.00,W,N,B,-,Y,,,80,,,,,,W,Y,3,0,1,1,C,-,18,,,N,E,H,A,A,H,-,A,D,0,,,,,Y,,-,"- ",0,1,0,0,0,0,0,0,0,"- ","- ",39.341499328613281,-120.31960296630859,NEVADA,UNINCORPORATED,-120.31960296630859,39.34161376953125
91507654,2021,2021-07-19,9230,2021-06-14,1330,017889,,1,1,9,2900,0,2,4,,1,043,"BRUNSWICK RD","EAST BENNETT ST / GREENHORN RD",0.00,,Y,A,-,N,,,,,,,,,,N,3,0,1,2,A,-,09,21800,A,N,A,C,A,A,H,-,A,A,0,,,,,Y,,A,01,0,1,0,0,0,0,0,0,0,"- ","- ",39.212818145751953,-121.01709747314453,NEVADA,UNINCORPORATED,-121.01718139648438,39.213100433349609
91511268,2021,2021-07-01,9221,2021-06-23,1325,019020,,3,1,9,2900,0,1,1,,2,387,"I-80 EASTBOUND",SR-20,2700.00,E,N,A,-,Y,,,80,,,,,,E,Y,4,0,1,2,D,-,00,,,N,B,C,A,A,H,-,A,D,0,,,,Y,Y,,-,"- ",0,0,1,0,0,0,0,0,0,"- ","- ",39.326728820800781,-120.59494781494141,NEVADA,UNINCORPORATED,-120.59481811523438,39.326240539550781
91513341,2021,2021-07-06,9230,2021-06-21,1045,017889,,1,1,9,2900,0,1,3,,1,031,SR-49,"COMBIE RD",10.00,S,N,A,-,Y,,,49,,,,,,,Y,3,0,2,2,A,-,03,22350,,N,C,C,A,A,H,-,A,A,0,,,,,Y,,A,07,0,2,0,0,0,0,0,0,0,"- ","- ",39.042400360107422,-121.09461975097656,NEVADA,UNINCORPORATED,-121.09466552734375,39.042404174804688
91513533,2021,2021-07-06,9230,2021-06-30,1315,018107,,3,1,9,2900,0,3,5,,2,070,"PLEASANT VALLEY ROAD","LAKE WILDWOOD DRIVE",0.00,,Y,A,-,N,,,,,,,,,,N,3,0,1,2,A,-,03,22350,,M,C,C,A,A,H,-,A,A,0,,,,,Y,,-,99,0,1,0,0,0,0,0,0,0,"- ","- ",39.223438262939453,-121.20394134521484,NEVADA,UNINCORPORATED,-121.20391082763672,39.223583221435547
91517363,2021,2021-09-13,9222,2021-06-27,2025,017270,,7,2,9,2900,0,1,1,,2,021,"I-80 W/ B",KINGVALE,2112.00,E,N,A,-,Y,,,80,,,,,,,Y,2,0,3,2,A,-,03,22350,,N,C,C,A,A,H,-,B,A,0,,,,,Y,,A,01,2,1,0,0,0,0,0,0,0,"- ","- ",39.316501617431641,-120.43569946289062,NEVADA,UNINCORPORATED,-120.43571472167969,39.316555023193359
91531922,2021,2021-07-29,9230,2021-07-20,1300,018098,,2,1,9,2900,0,3,5,,2,060,"PURDON RD","MONTEZUMA LN",1056.00,S,N,A,-,N,,,,,,,,,,N,4,0,1,2,A,-,05,21650,,F,B,C,A,A,H,-,A,A,0,,,,,Y,,-,99,0,0,1,0,0,0,0,0,0,"- ","- ",39.341209411621094,-121.05943298339844,NEVADA,UNINCORPORATED,-121.0596923828125,39.340984344482422
91549038,2021,2021-08-19,9230,2021-07-31,1330,018098,,6,1,9,2900,0,3,5,,2,030,"ALTA SIERRA DR","FRANCIS DR",100.00,N,N,A,-,N,,,,,,,,,,Y,3,0,1,1,A,-,08,22107,,N,E,I,A,A,H,-,A,D,0,,,,,Y,,A,01,0,1,0,0,0,0,0,0,0,"- ","- ",39.140670776367188,-121.05706024169922,NEVADA,UNINCORPORATED,-121.056640625,39.140750885009766
91553782,2021,2021-08-25,9230,2021-08-17,1853,018459,,2,2,9,2900,0,2,4,,1,043,"BRUNSWICK RD","LOMA RICA DR",343.00,S,N,A,-,N,,,,,,,,,,N,2,0,1,2,A,-,08,22107,,N,G,B,E,A,H,-,A,D,0,Y,,,,Y,,D,22,1,0,0,0,1,0,0,0,0,"- ","- ",39.218208312988281,-121.02204132080078,NEVADA,UNINCORPORATED,-121.02217102050781,39.218349456787109
91554157,2021,2021-08-25,9230,2021-08-21,1915,020411,,6,2,9,2900,0,3,5,,2,040,"EMPIRE STREET","EMPIRE MOUNTAIN ROAD",100.00,E,N,A,-,N,,,,,,,,,,Y,4,0,1,1,A,-,01,23152,A,N,E,I,A,A,H,-,A,D,0,,,,,Y,Y,A,01,0,0,1,0,0,0,0,0,0,"- ","- ",39.208278656005859,-121.05104064941406,NEVADA,UNINCORPORATED,-121.05119323730469,39.208168029785156
91569838,2021,2021-09-14,9222,2021-09-11,1620,017658,,6,2,9,2900,0,1,1,,2,022,"I-80 WESTBOUND","CASTLE PEAK RD",5280.00,E,N,A,-,Y,,,80,,,,,,W,Y,4,0,1,1,A,-,08,22107,,N,E,I,A,A,H,-,A,D,0,,,,,Y,Y,A,01,0,0,1,0,0,0,0,0,0,"- ","- ",39.343330383300781,-120.33241271972656,NEVADA,UNINCORPORATED,-120.33240509033203,39.343494415283203
91572529,2021,2021-09-16,9230,2021-09-10,1810,017539,,5,2,2,2901,0,1,3,,1,031,"SR-49 S/B","MCKNIGHT WAY",1911.00,S,N,A,-,Y,,,49,,,,,,S,N,4,0,1,2,A,-,03,22350,,N,C,C,A,A,H,-,A,A,0,,,,Y,Y,,G,27,0,0,1,0,0,0,0,0,0,"- ","- ",39.195938110351562,-121.05558013916016,NEVADA,"GRASS VALLEY",-121.05551910400391,39.195980072021484
91593248,2021,2021-10-11,9230,2021-10-06,2125,020411,,3,2,2,2901,0,1,3,,2,042,SR-20,"DORSEY DRIVE",1890.00,W,N,A,-,Y,,,20,,,,,,,Y,2,0,2,2,A,-,03,22350,,N,C,C,A,A,H,-,C,D,0,,,,Y,Y,,D,22,1,1,0,0,0,0,0,0,0,"- ","- ",39.225578308105469,-121.04782867431641,NEVADA,"GRASS VALLEY",-121.04776763916016,39.225498199462891
91594360,2021,2021-10-12,9222,2021-10-10,2357,018515,,7,3,9,2900,0,1,1,,2,021,"I-80 EASTBOUND",KINGVALE,7920.00,E,N,A,-,Y,,,,,,,,,,Y,3,0,1,2,A,-,01,23152,A,N,C,C,A,A,H,-,D,D,0,,,,Y,Y,Y,A,01,0,1,0,0,0,0,0,0,0,"- ","- ",39.222011566162109,-120.41944885253906,NEVADA,UNINCORPORATED,,
91599147,2021,2021-10-18,9230,2021-10-11,1715,018691,,1,2,9,2900,0,3,5,,2,030,"AUBURN RD","BIXLER PLACE",500.00,S,N,A,-,N,,,,,,,,,,Y,4,0,1,1,A,-,08,22107,,N,E,I,A,A,H,-,A,D,0,,,,,Y,,D,22,0,0,1,0,0,0,0,0,0,"- ","- ",39.17388916015625,-121.08448028564453,NEVADA,UNINCORPORATED,-121.08383941650391,39.172931671142578
91609246,2021,2021-10-28,9230,2021-10-22,1720,020411,,5,2,9,2900,0,1,3,,1,031,SR-49,"BREWER ROAD",940.00,S,N,B,-,Y,,,49,,,,,,,Y,4,0,1,2,A,-,05,21460,A,N,B,2,A,B,H,-,A,D,0,,,,,Y,Y,A,01,0,0,1,0,0,0,0,0,0,"- ","- ",39.056648254394531,-121.091796875,NEVADA,UNINCORPORATED,-121.09178924560547,39.056640625
91615895,2021,2021-11-04,9230,2021-10-30,1547,020107,,6,2,9,2900,0,3,5,,2,030,"MCCOURTNEY RD","PATTERSON VALLEY RD",155.00,N,N,B,-,N,,,,,,,,,,Y,4,0,1,1,A,-,08,22107,,N,F,A,A,A,H,-,A,D,0,,,Y,,Y,,C,02,0,0,1,0,0,0,0,0,1,"- ","- ",39.170181274414062,-121.12635040283203,NEVADA,UNINCORPORATED,-121.12644195556641,39.170139312744141
91628586,2021,2021-11-18,9230,2021-11-14,1510,017539,,7,2,9,2900,0,1,3,,1,051,SR-20,"LOS ALTOS LANE",329.00,E,N,A,-,Y,,,20,,,,,,,Y,3,0,1,1,A,-,08,22107,,N,E,I,A,A,H,-,A,D,0,,,,,Y,,A,07,0,1,0,0,0,0,0,0,0,"- ","- ",39.284988403320312,-120.96370697021484,NEVADA,UNINCORPORATED,-120.96371459960938,39.285037994384766
91628595,2021,2021-11-18,9230,2021-11-15,1040,018459,,1,1,9,2900,0,3,5,,2,070,"PLEASANT VALLEY ROAD","LAKE WILDWOOD DRIVE",0.00,,Y,B,-,N,,,,,,,,,,N,3,0,1,2,A,-,09,21802,A,N,D,C,A,A,H,-,A,A,0,,,,,Y,,A,07,0,1,0,0,0,0,0,0,0,"- ","- ",39.223541259765625,-121.20397186279297,NEVADA,UNINCORPORATED,-121.20391082763672,39.223583221435547
91648158,2021,2021-12-09,9230,2021-12-08,0930,018459,,3,1,9,2900,0,1,3,,1,071,SR-20,"PENN VALLEY DRIVE (WEST)",0.00,,Y,B,E,Y,,,20,,,,,,,Y,4,0,1,3,A,-,03,22350,,N,D,C,A,B,H,-,A,A,0,,,,Y,Y,,A,07,0,0,1,0,0,0,0,0,0,"- ","- ",39.200328826904297,-121.22276306152344,NEVADA,UNINCORPORATED,-121.22275543212891,39.200351715087891
91650122,2021,2021-12-13,9230,2021-12-05,1050,018107,,7,1,9,2900,0,1,3,,1,071,SR-20,"SOUTH PONDEROSA WAY",2640.00,E,N,A,-,Y,,,20,,,,,,,Y,2,0,1,1,A,-,08,22107,,N,E,8,A,B,H,-,A,D,0,,,,,Y,,A,01,1,0,0,0,0,0,0,0,0,"- ","- ",39.209220886230469,-121.09050750732422,NEVADA,UNINCORPORATED,-121.09050750732422,39.209163665771484
91663138,2021,2021-12-28,9230,2021-12-11,1320,018107,,6,1,9,2900,0,1,3,,1,031,SR-49,"LITTLE VALLEY RD",9.00,N,N,A,-,Y,,,49,,,,,,,Y,2,0,2,1,A,-,08,22107,,N,F,A,A,A,H,-,A,D,0,,,Y,,Y,,C,02,2,0,0,0,0,0,0,0,2,"- ","- ",39.14794921875,-121.0684814453125,NEVADA,UNINCORPORATED,-121.06878662109375,39.148059844970703
91670983,2021,2022-01-05,9230,2021-12-26,2120,017539,,7,2,9,2900,0,3,5,,2,060,"PLEASANT VALLEY ROAD","BIRCHVILLE ROAD",995.00,N,N,C,D,N,,,,,,,,,,Y,3,0,1,1,A,-,08,22107,,N,E,I,A,B,H,-,D,D,0,,,,,Y,,A,07,0,1,0,0,0,0,0,0,0,"- ","- ",39.322040557861328,-121.15117645263672,NEVADA,UNINCORPORATED,-121.15120697021484,39.321910858154297
91828917,2021,2022-07-29,9221,2021-11-20,0441,018740,,6,3,9,2900,0,1,1,,2,387,"I-80 EASTBOUND","EAGLE LAKES RD",2851.00,W,N,A,-,Y,,,80,,,,,,E,Y,1,4,2,3,A,-,01,23153,A,N,A,C,A,A,H,-,D,D,0,,,,,Y,Y,A,07,2,0,0,0,0,0,0,0,0,"- ","- ",39.326229095458984,-120.57093048095703,NEVADA,UNINCORPORATED,-120.57135009765625,39.325607299804688
9254389,2021,2021-05-04,2901,2021-04-18,1502,HAD01,21,7,5,2,2901,0,0,0,,0,,"CHAPEL ST","PLEASANT ST",0.00,,N,A,-,N,,,,,,,,,,N,4,0,1,1,A,-,01,23152,A,N,H,I,A,A,H,-,A,D,0,,,Y,,Y,Y,C,02,0,0,1,0,0,0,0,0,1,"- ","- ",,,NEVADA,"GRASS VALLEY",-121.06966400146484,39.214603424072266
9263242,2021,2021-07-01,2908,2021-05-14,1900,6594,11,5,5,3,2908,0,0,0,,0,,"RT 89","RT 80",27.00,N,N,A,-,Y,NEV,3,80,-,-,14.346,R,4,W,N,3,0,1,2,A,-,09,21803,A,N,D,G,A,A,H,-,A,D,0,,Y,,,Y,,A,01,0,1,0,0,0,0,1,0,0,"- ",WF,,,NEVADA,TRUCKEE,-120.20477294921875,39.323146820068359
9314116,2021,2021-09-22,2908,2021-08-21,1849,6538,2908,6,5,3,2908,0,0,0,,0,001,"DONNER PASS RD","BERT RD",348.00,E,N,A,-,N,,,,,,,,,,Y,4,0,3,2,A,-,09,21804,A,N,D,C,A,A,H,-,A,D,0,,,,,Y,,-,,0,0,3,0,0,0,0,0,0,"- ","- ",,,NEVADA,TRUCKEE,-120.19501495361328,39.326221466064453
9324992,2021,2021-10-07,2908,2021-08-29,1015,6554,TRUCK,7,5,3,2908,0,0,0,,0,001,"NORTHWOODS BL","BULL PINE TRL",388.00,N,N,A,-,N,,,,,,,,,,N,3,0,1,1,A,-,03,22350,,N,F,A,A,A,H,-,A,D,0,,,,,Y,,-,,0,1,0,0,0,0,0,0,0,"- ","- ",,,NEVADA,TRUCKEE,-120.21608734130859,39.331382751464844